policy_id,insured_name,line_of_business,policy_status,effective_date,expiration_date,coverage_limit,deductible,endorsements,exclusions,underwriter_name,broker_name,risk_tier,data_sensitivity,source_system,created_timestamp,updated_timestamp,created_by,updated_by
POL-000001,Walter Ltd,General Liability,Active,2026-04-09,2027-04-09,250000,10000,Business Interruption,"Flood Exclusion, Terrorism Exclusion",Alan Whitney,Scott Ltd,High,restricted,underwriting_platform,2026-04-05T15:49:59.073392,2027-03-23T15:49:59.073392,underwriter_002,underwriter_002
POL-000002,Wells-Lewis,Commercial Property,Expired,2023-11-21,2024-11-20,500000,5000,Equipment Breakdown,War Exclusion,Amanda Roberts,Ballard and Sons,Medium,restricted,underwriting_platform,2023-10-30T15:49:59.073392,2024-10-28T15:49:59.073392,underwriter_002,underwriter_001
POL-000003,"Ramos, Harrington and Ross",General Liability,Active,2023-06-11,2024-06-10,500000,5000,"Earthquake Endorsement, Flood Coverage","War Exclusion, Terrorism Exclusion",Joseph Lopez,"Williams, Adkins and Scott",Medium,confidential,policy_admin_system,2023-06-10T15:49:59.074391,2024-05-17T15:49:59.074391,uw_manager_001,underwriter_001
POL-000004,Thompson Ltd,Commercial Property,Cancelled,2023-02-16,2024-02-16,100000,1000,"Equipment Breakdown, Earthquake Endorsement, Business Interruption",Cyber Exclusion,Dana Jones,"Wu, Mullins and Kelly",Medium,confidential,underwriting_platform,2023-01-31T15:49:59.074391,2023-12-22T15:49:59.074391,underwriter_001,underwriter_001
POL-000005,"Graham, Smith and Gonzalez",Cyber,Cancelled,2025-08-07,2026-08-07,100000,25000,"Earthquake Endorsement, Windstorm Coverage",Mold Exclusion,Mary Castillo,"Mitchell, Mendoza and Thompson",High,restricted,broker_submission_portal,2025-07-08T15:49:59.075277,2026-06-30T15:49:59.075277,uw_manager_001,underwriter_001
POL-000006,Lynn LLC,Commercial Property,Pending Renewal,2024-03-20,2025-03-20,250000,10000,"Cyber Extension, Business Interruption, Windstorm Coverage",Mold Exclusion,Lauren Fowler,Harris and Sons,Low,restricted,broker_submission_portal,2024-02-23T15:49:59.075277,2025-02-22T15:49:59.075277,underwriter_002,uw_manager_001
POL-000007,King-Buckley,Umbrella,Pending Renewal,2026-04-03,2027-04-03,1000000,10000,"Cyber Extension, Business Interruption, Flood Coverage",Flood Exclusion,Alexandra Medina,Morris and Sons,Low,confidential,policy_admin_system,2026-03-18T15:49:59.075277,2027-03-27T15:49:59.075277,underwriter_001,underwriter_001
POL-000008,Butler-Russell,Umbrella,Cancelled,2025-06-16,2026-06-16,100000,1000,Cyber Extension,"Flood Exclusion, Terrorism Exclusion",George Turner,Carroll Ltd,High,restricted,underwriting_platform,2025-06-15T15:49:59.075277,2026-06-06T15:49:59.075277,uw_manager_001,underwriter_001
POL-000009,Ruiz-Fuller,Workers Compensation,Expired,2023-03-08,2024-03-07,500000,25000,"Equipment Breakdown, Earthquake Endorsement, Windstorm Coverage",War Exclusion,Maria Bradley,Anderson-Waters,High,internal,underwriting_platform,2023-02-23T15:49:59.076366,2024-01-17T15:49:59.076366,underwriter_001,underwriter_001
POL-000010,Franklin-Woods,Workers Compensation,Expired,2025-11-24,2026-11-24,500000,5000,Equipment Breakdown,"War Exclusion, Cyber Exclusion",Angela Garcia,Cantrell-Davis,High,internal,broker_submission_portal,2025-10-30T15:49:59.076366,2026-10-19T15:49:59.076366,underwriter_002,underwriter_002
POL-000011,Krause Ltd,Commercial Property,Cancelled,2025-02-09,2026-02-09,5000000,2500,"Business Interruption, Windstorm Coverage, Cyber Extension","Terrorism Exclusion, Cyber Exclusion",Hunter Blevins,Johnson Inc,High,confidential,broker_submission_portal,2025-02-07T15:49:59.076366,2026-01-04T15:49:59.076366,underwriter_001,underwriter_001
POL-000012,Young PLC,Umbrella,Expired,2023-10-31,2024-10-30,500000,10000,Equipment Breakdown,Flood Exclusion,Colton Coleman,"Brown, Beard and Jackson",Medium,restricted,policy_admin_system,2023-10-09T15:49:59.076366,2024-10-18T15:49:59.076366,underwriter_002,underwriter_002
POL-000013,Michael-Lee,Cyber,Active,2023-03-23,2024-03-22,500000,10000,"Windstorm Coverage, Business Interruption","Flood Exclusion, Cyber Exclusion",Jessica Clark,"Patterson, Collier and Jordan",High,restricted,underwriting_platform,2023-03-09T15:49:59.077366,2024-03-01T15:49:59.077366,underwriter_001,underwriter_001
POL-000014,Taylor-White,Commercial Property,Cancelled,2024-04-11,2025-04-11,1000000,10000,"Flood Coverage, Windstorm Coverage, Business Interruption",Flood Exclusion,Vincent Robinson,"Thomas, Fox and Flores",High,internal,broker_submission_portal,2024-04-02T15:49:59.077366,2025-03-05T15:49:59.077366,uw_manager_001,underwriter_001
POL-000015,Salinas Ltd,Commercial Auto,Pending Renewal,2024-10-08,2025-10-08,250000,5000,"Flood Coverage, Earthquake Endorsement, Cyber Extension","Flood Exclusion, Cyber Exclusion",Michael Whitney,"Brady, Cooley and Parks",Low,internal,broker_submission_portal,2024-09-10T15:49:59.077366,2025-08-14T15:49:59.077366,uw_manager_001,uw_manager_001
POL-000016,Allen Group,General Liability,Active,2023-10-11,2024-10-10,100000,1000,"Equipment Breakdown, Flood Coverage",Cyber Exclusion,Richard Richardson,Black and Sons,Low,internal,underwriting_platform,2023-09-13T15:49:59.078366,2024-09-28T15:49:59.078366,underwriter_001,underwriter_002
POL-000017,"Wise, Carroll and Oconnell",Cyber,Active,2024-03-24,2025-03-24,1000000,25000,Equipment Breakdown,"Terrorism Exclusion, War Exclusion",Mary Woodward,Hammond-Lane,High,internal,policy_admin_system,2024-03-20T15:49:59.078366,2025-02-24T15:49:59.078366,underwriter_001,underwriter_001
POL-000018,"Smith, Rubio and Walker",Commercial Auto,Active,2024-12-09,2025-12-09,100000,10000,Business Interruption,"Flood Exclusion, Cyber Exclusion",Thomas Johnson,"Reeves, Bradley and Aguilar",High,confidential,policy_admin_system,2024-11-11T15:49:59.078366,2025-11-17T15:49:59.078366,underwriter_002,underwriter_002
POL-000019,Golden-Barnett,Cyber,Cancelled,2023-02-06,2024-02-06,1000000,10000,"Equipment Breakdown, Windstorm Coverage, Cyber Extension","Mold Exclusion, Cyber Exclusion",Frank Bailey,Pearson and Sons,Medium,internal,underwriting_platform,2023-01-07T15:49:59.079366,2024-01-26T15:49:59.079366,underwriter_002,underwriter_001
POL-000020,Johnson-Adams,Workers Compensation,Active,2024-12-05,2025-12-05,5000000,2500,"Windstorm Coverage, Flood Coverage, Equipment Breakdown","War Exclusion, Mold Exclusion",Stephanie Vasquez DDS,"Bonilla, Johnson and Johnson",High,confidential,policy_admin_system,2024-12-04T15:49:59.079366,2025-10-24T15:49:59.079366,underwriter_002,uw_manager_001
POL-000021,"Williams, Duarte and Sanchez",Commercial Property,Expired,2023-07-10,2024-07-09,100000,2500,"Cyber Extension, Windstorm Coverage, Earthquake Endorsement","War Exclusion, Cyber Exclusion",Katie Grant,"Lindsey, Powers and Carroll",Low,restricted,underwriting_platform,2023-06-27T15:49:59.079366,2024-06-12T15:49:59.079366,uw_manager_001,underwriter_002
POL-000022,Gomez-Pace,Cyber,Cancelled,2025-08-10,2026-08-10,5000000,5000,"Windstorm Coverage, Earthquake Endorsement, Business Interruption",Flood Exclusion,Michelle White,Allison PLC,Low,confidential,broker_submission_portal,2025-07-31T15:49:59.080366,2026-06-18T15:49:59.080366,underwriter_001,underwriter_002
POL-000023,Li Group,General Liability,Cancelled,2026-04-02,2027-04-02,250000,2500,Earthquake Endorsement,Flood Exclusion,Mrs. Tina Morrison,Moore Ltd,Medium,confidential,underwriting_platform,2026-03-21T15:49:59.080366,2027-02-12T15:49:59.080366,underwriter_002,underwriter_001
POL-000024,Davis-Olson,Commercial Auto,Cancelled,2025-02-24,2026-02-24,1000000,10000,"Windstorm Coverage, Business Interruption, Earthquake Endorsement","Flood Exclusion, War Exclusion",Gregory Lester,Hall-Fields,Low,confidential,policy_admin_system,2025-02-20T15:49:59.080366,2026-02-22T15:49:59.080366,underwriter_002,underwriter_001
POL-000025,"Ramos, Greene and Hernandez",Commercial Auto,Expired,2025-11-05,2026-11-05,100000,2500,"Business Interruption, Earthquake Endorsement, Cyber Extension","Terrorism Exclusion, Mold Exclusion",Zachary Rogers,"Martinez, Torres and Kent",High,confidential,underwriting_platform,2025-10-30T15:49:59.080366,2026-10-07T15:49:59.080366,uw_manager_001,underwriter_002
POL-000026,Torres-David,Commercial Property,Cancelled,2024-07-12,2025-07-12,500000,5000,"Earthquake Endorsement, Business Interruption","Terrorism Exclusion, Flood Exclusion",Dr. Crystal Williams,Wise Group,Medium,restricted,policy_admin_system,2024-06-16T15:49:59.081366,2025-05-25T15:49:59.081366,underwriter_002,uw_manager_001
POL-000027,Gregory-Whitaker,Umbrella,Pending Renewal,2024-04-12,2025-04-12,250000,10000,"Earthquake Endorsement, Flood Coverage, Cyber Extension",Mold Exclusion,Billy Mccoy,Hardy Ltd,Low,restricted,broker_submission_portal,2024-04-08T15:49:59.081366,2025-03-23T15:49:59.081366,uw_manager_001,uw_manager_001
POL-000028,"Gould, Giles and Hernandez",Workers Compensation,Active,2024-08-14,2025-08-14,1000000,1000,"Windstorm Coverage, Business Interruption",War Exclusion,Keith Osborn,"Smith, Palmer and Wright",High,confidential,policy_admin_system,2024-07-15T15:49:59.081366,2025-08-12T15:49:59.081366,underwriter_001,underwriter_001
POL-000029,Campbell-Newton,Commercial Auto,Pending Renewal,2023-11-09,2024-11-08,100000,25000,"Business Interruption, Equipment Breakdown","Mold Exclusion, Cyber Exclusion",Robert Schmitt,"Harris, Woodard and Herring",High,restricted,underwriting_platform,2023-11-07T15:49:59.082366,2024-09-18T15:49:59.082366,underwriter_001,underwriter_002
POL-000030,"Scott, Garcia and Patton",Commercial Auto,Cancelled,2023-03-31,2024-03-30,250000,10000,"Windstorm Coverage, Cyber Extension, Equipment Breakdown","Flood Exclusion, Terrorism Exclusion",Dr. Samantha Graham,"Schultz, Thompson and Williams",Low,restricted,policy_admin_system,2023-03-15T15:49:59.082366,2024-02-23T15:49:59.082366,uw_manager_001,underwriter_001
POL-000031,Callahan LLC,Commercial Property,Pending Renewal,2024-01-10,2025-01-09,250000,1000,"Earthquake Endorsement, Cyber Extension, Business Interruption","Mold Exclusion, Cyber Exclusion",Connie Roberts,Mccarthy and Sons,Medium,restricted,broker_submission_portal,2024-01-07T15:49:59.083123,2024-12-28T15:49:59.083123,underwriter_001,underwriter_002
POL-000032,Kim Group,Cyber,Pending Renewal,2025-11-07,2026-11-07,250000,1000,"Windstorm Coverage, Cyber Extension","Mold Exclusion, Flood Exclusion",John Krueger,Velazquez Group,High,restricted,broker_submission_portal,2025-10-17T15:49:59.083123,2026-10-23T15:49:59.083123,underwriter_001,underwriter_001
POL-000033,Mercer and Sons,General Liability,Active,2024-05-07,2025-05-07,250000,25000,Cyber Extension,"War Exclusion, Mold Exclusion",Erika Dougherty,Smith-Jordan,Medium,internal,broker_submission_portal,2024-04-22T15:49:59.083123,2025-04-15T15:49:59.083123,uw_manager_001,underwriter_001
POL-000034,Perez-Horne,Commercial Auto,Pending Renewal,2025-11-05,2026-11-05,250000,10000,Equipment Breakdown,Flood Exclusion,Thomas Davis,Smith and Sons,Low,confidential,policy_admin_system,2025-10-12T15:49:59.083123,2026-10-19T15:49:59.083123,underwriter_001,underwriter_001
POL-000035,Dyer and Sons,Commercial Auto,Pending Renewal,2023-11-01,2024-10-31,250000,5000,Flood Coverage,Mold Exclusion,Alan Pittman,Brown PLC,Low,confidential,policy_admin_system,2023-10-31T15:49:59.083123,2024-10-05T15:49:59.083123,uw_manager_001,underwriter_002
POL-000036,Smith-Maldonado,Workers Compensation,Pending Renewal,2025-03-01,2026-03-01,5000000,1000,"Windstorm Coverage, Earthquake Endorsement","Flood Exclusion, Terrorism Exclusion",Kimberly Santiago,Cervantes-Sims,High,restricted,policy_admin_system,2025-02-11T15:49:59.084192,2026-01-27T15:49:59.084192,uw_manager_001,underwriter_002
POL-000037,Harrell-Gonzalez,General Liability,Pending Renewal,2026-01-30,2027-01-30,5000000,5000,"Earthquake Endorsement, Business Interruption, Flood Coverage","Mold Exclusion, Flood Exclusion",James Brown,"Barnes, Hoffman and Marsh",Medium,restricted,broker_submission_portal,2026-01-06T15:49:59.084192,2027-01-01T15:49:59.084192,uw_manager_001,underwriter_001
POL-000038,Price-Ferguson,Cyber,Expired,2023-06-10,2024-06-09,100000,5000,"Earthquake Endorsement, Flood Coverage, Windstorm Coverage",Terrorism Exclusion,Rachel Benton MD,"Holloway, King and Rose",High,confidential,policy_admin_system,2023-05-23T15:49:59.084192,2024-05-07T15:49:59.084192,underwriter_002,underwriter_002
POL-000039,Norton-Russell,Cyber,Cancelled,2024-05-18,2025-05-18,5000000,1000,"Earthquake Endorsement, Flood Coverage, Cyber Extension","Mold Exclusion, Cyber Exclusion",Rachel Cole DDS,Edwards-Gentry,Medium,internal,broker_submission_portal,2024-05-13T15:49:59.085192,2025-04-03T15:49:59.085192,uw_manager_001,uw_manager_001
POL-000040,Palmer Inc,General Liability,Pending Renewal,2023-07-04,2024-07-03,100000,10000,Business Interruption,War Exclusion,Paul Thomas,Bean Ltd,Low,internal,policy_admin_system,2023-06-16T15:49:59.085192,2024-05-07T15:49:59.085192,underwriter_002,uw_manager_001
POL-000041,Wilcox-Smith,General Liability,Cancelled,2023-12-09,2024-12-08,500000,1000,"Windstorm Coverage, Earthquake Endorsement","Cyber Exclusion, Mold Exclusion",Andrew Moore,Stark-Collins,High,confidential,policy_admin_system,2023-11-25T15:49:59.085192,2024-11-30T15:49:59.085192,underwriter_002,uw_manager_001
POL-000042,Horton-Chang,Umbrella,Active,2026-02-17,2027-02-17,5000000,25000,"Earthquake Endorsement, Equipment Breakdown","Cyber Exclusion, Mold Exclusion",Christopher Brown,Welch-Ortega,High,confidential,policy_admin_system,2026-01-26T15:49:59.085192,2027-02-08T15:49:59.085192,underwriter_001,underwriter_001
POL-000043,"Conley, Clark and Barnett",Workers Compensation,Active,2025-12-26,2026-12-26,5000000,25000,"Cyber Extension, Business Interruption, Windstorm Coverage",Cyber Exclusion,Heather Flowers,Manning-Garcia,Medium,internal,underwriting_platform,2025-12-04T15:49:59.086191,2026-12-22T15:49:59.086191,uw_manager_001,underwriter_001
POL-000044,"Smith, Gallegos and Duran",General Liability,Pending Renewal,2025-08-18,2026-08-18,5000000,1000,"Earthquake Endorsement, Equipment Breakdown",Mold Exclusion,Kenneth Harris,Moore PLC,High,confidential,policy_admin_system,2025-08-07T15:49:59.086191,2026-07-22T15:49:59.086191,uw_manager_001,underwriter_001
POL-000045,"Jackson, Mcconnell and Patel",Workers Compensation,Expired,2023-03-19,2024-03-18,100000,1000,Earthquake Endorsement,"Cyber Exclusion, Flood Exclusion",Jonathan Jackson,"Golden, Jones and Shaw",High,internal,underwriting_platform,2023-02-25T15:49:59.086191,2024-03-04T15:49:59.086191,underwriter_002,uw_manager_001
POL-000046,"Pruitt, Abbott and Norris",Workers Compensation,Active,2026-02-21,2027-02-21,500000,1000,Cyber Extension,"Flood Exclusion, Mold Exclusion",Andrea Smith,Cohen-Wilson,High,internal,broker_submission_portal,2026-01-27T15:49:59.087191,2027-02-10T15:49:59.087191,underwriter_002,underwriter_001
POL-000047,James-Watson,Cyber,Expired,2024-06-24,2025-06-24,1000000,25000,Equipment Breakdown,"War Exclusion, Cyber Exclusion",Laura Torres,Martin Group,High,confidential,policy_admin_system,2024-06-14T15:49:59.087191,2025-06-22T15:49:59.087191,underwriter_001,underwriter_001
POL-000048,Taylor-Brown,Cyber,Expired,2024-07-25,2025-07-25,500000,2500,"Flood Coverage, Windstorm Coverage",Flood Exclusion,Christopher Maynard,Jones-Hopkins,Medium,confidential,policy_admin_system,2024-07-22T15:49:59.087191,2025-06-17T15:49:59.087191,underwriter_001,uw_manager_001
POL-000049,Gomez Ltd,Commercial Auto,Cancelled,2023-02-24,2024-02-24,250000,25000,"Cyber Extension, Earthquake Endorsement, Flood Coverage","Cyber Exclusion, Flood Exclusion",Troy Hudson,Wong PLC,High,confidential,broker_submission_portal,2023-02-21T15:49:59.088191,2024-02-09T15:49:59.088191,uw_manager_001,underwriter_001
POL-000050,Levine-Reed,Workers Compensation,Cancelled,2024-10-03,2025-10-03,500000,1000,"Flood Coverage, Equipment Breakdown, Cyber Extension","Cyber Exclusion, Flood Exclusion",Dana Ray,Ryan LLC,High,restricted,broker_submission_portal,2024-09-15T15:49:59.088191,2025-08-25T15:49:59.088191,underwriter_002,uw_manager_001
POL-000051,Hickman Ltd,General Liability,Cancelled,2025-04-13,2026-04-13,250000,5000,"Windstorm Coverage, Flood Coverage","Mold Exclusion, War Exclusion",Walter Hoover,Eaton-Mcclure,Medium,restricted,policy_admin_system,2025-04-04T15:49:59.088191,2026-04-02T15:49:59.088191,underwriter_002,underwriter_002
POL-000052,Mueller PLC,Commercial Property,Expired,2024-05-23,2025-05-23,1000000,1000,"Cyber Extension, Windstorm Coverage, Earthquake Endorsement","Terrorism Exclusion, Flood Exclusion",Lindsey Jackson,Villa-Houston,Low,restricted,underwriting_platform,2024-05-11T15:49:59.088191,2025-05-02T15:49:59.088191,underwriter_002,uw_manager_001
POL-000053,Carlson-Gomez,Umbrella,Pending Renewal,2023-04-07,2024-04-06,100000,5000,"Windstorm Coverage, Earthquake Endorsement",Flood Exclusion,Kenneth Wells,"Abbott, Johnson and Holmes",Low,internal,underwriting_platform,2023-03-27T15:49:59.088191,2024-04-02T15:49:59.088191,underwriter_002,underwriter_001
POL-000054,Grant LLC,General Liability,Cancelled,2025-06-12,2026-06-12,5000000,25000,"Business Interruption, Earthquake Endorsement, Windstorm Coverage",War Exclusion,Elizabeth Gonzales,Berg Group,Low,confidential,underwriting_platform,2025-05-27T15:49:59.089425,2026-04-13T15:49:59.089425,uw_manager_001,underwriter_001
POL-000055,Holmes-Walsh,Umbrella,Pending Renewal,2024-01-27,2025-01-26,100000,5000,Equipment Breakdown,"Flood Exclusion, War Exclusion",Anthony Allen,Jenkins-Forbes,Medium,confidential,broker_submission_portal,2024-01-06T15:49:59.089425,2024-12-03T15:49:59.089425,underwriter_002,uw_manager_001
POL-000056,"Perry, Palmer and Harris",Umbrella,Cancelled,2024-08-14,2025-08-14,250000,2500,Business Interruption,Flood Exclusion,Dennis Henderson,"Werner, Kemp and Fox",Low,internal,policy_admin_system,2024-08-05T15:49:59.089425,2025-08-06T15:49:59.089425,underwriter_001,underwriter_001
POL-000057,Hebert and Sons,Umbrella,Pending Renewal,2023-10-06,2024-10-05,250000,1000,"Cyber Extension, Business Interruption",War Exclusion,Jeffery Luna,Collins PLC,Low,internal,policy_admin_system,2023-09-20T15:49:59.090423,2024-08-25T15:49:59.090423,underwriter_001,underwriter_001
POL-000058,"Dunn, Thompson and Wiggins",Commercial Auto,Cancelled,2024-08-06,2025-08-06,500000,1000,"Earthquake Endorsement, Windstorm Coverage, Business Interruption","Flood Exclusion, Terrorism Exclusion",Amanda Collins,"Acosta, Mason and Rojas",Medium,restricted,underwriting_platform,2024-07-19T15:49:59.090423,2025-07-07T15:49:59.090423,underwriter_001,underwriter_001
POL-000059,Harvey-King,Commercial Auto,Cancelled,2023-11-11,2024-11-10,5000000,2500,"Windstorm Coverage, Cyber Extension","War Exclusion, Mold Exclusion",Allison Bryan,Vasquez-Novak,Low,internal,broker_submission_portal,2023-11-08T15:49:59.091033,2024-10-24T15:49:59.091033,underwriter_002,uw_manager_001
POL-000060,"Flores, Marshall and Dunn",Commercial Property,Pending Renewal,2024-12-12,2025-12-12,500000,2500,Equipment Breakdown,"Terrorism Exclusion, Mold Exclusion",Keith Franklin,"Sanders, Copeland and Evans",Low,internal,policy_admin_system,2024-11-16T15:49:59.091353,2025-11-15T15:49:59.091353,underwriter_001,underwriter_002
POL-000061,Hernandez-Hunter,Commercial Property,Cancelled,2024-09-05,2025-09-05,100000,10000,Business Interruption,Flood Exclusion,Judy Armstrong,Arroyo-Barber,Medium,internal,underwriting_platform,2024-08-16T15:49:59.091353,2025-07-17T15:49:59.091353,uw_manager_001,underwriter_001
POL-000062,Weeks-Tran,Workers Compensation,Expired,2023-05-07,2024-05-06,100000,2500,"Windstorm Coverage, Cyber Extension","War Exclusion, Cyber Exclusion",Elizabeth Edwards,"Roberts, Brown and White",Medium,internal,underwriting_platform,2023-04-22T15:49:59.092393,2024-03-07T15:49:59.092393,underwriter_002,underwriter_001
POL-000063,Underwood-Curry,Umbrella,Pending Renewal,2025-02-06,2026-02-06,100000,1000,"Earthquake Endorsement, Business Interruption, Windstorm Coverage","Mold Exclusion, War Exclusion",Kristie Smith,"Gray, Garza and Harris",High,internal,broker_submission_portal,2025-02-05T15:49:59.092393,2026-01-30T15:49:59.092393,uw_manager_001,uw_manager_001
POL-000064,"Mooney, Campbell and Chan",Cyber,Expired,2024-04-14,2025-04-14,1000000,2500,Flood Coverage,"Terrorism Exclusion, Flood Exclusion",Justin Stephens,Faulkner-Aguirre,Medium,internal,broker_submission_portal,2024-03-18T15:49:59.092393,2025-03-25T15:49:59.092393,underwriter_001,underwriter_002
POL-000065,Fox-Clarke,Cyber,Expired,2025-08-09,2026-08-09,5000000,5000,"Cyber Extension, Equipment Breakdown","War Exclusion, Cyber Exclusion",Gregory Sanchez,Rogers Inc,Medium,restricted,underwriting_platform,2025-08-02T15:49:59.093392,2026-06-12T15:49:59.093392,uw_manager_001,underwriter_001
POL-000066,Hall PLC,General Liability,Active,2024-11-10,2025-11-10,5000000,25000,"Business Interruption, Earthquake Endorsement",War Exclusion,Jennifer Parker,"Collins, Wells and Proctor",Low,confidential,policy_admin_system,2024-10-31T15:49:59.093392,2025-11-04T15:49:59.093392,uw_manager_001,underwriter_001
POL-000067,"Graham, Bennett and Holder",General Liability,Active,2023-08-06,2024-08-05,5000000,2500,Cyber Extension,Flood Exclusion,Joshua Castaneda,Love Ltd,High,confidential,underwriting_platform,2023-07-20T15:49:59.093392,2024-07-03T15:49:59.093392,underwriter_002,underwriter_002
POL-000068,"Burke, Irwin and Sanchez",Commercial Property,Active,2023-04-14,2024-04-13,500000,2500,Equipment Breakdown,Flood Exclusion,Shelia West,Randolph Inc,High,internal,broker_submission_portal,2023-04-04T15:49:59.093392,2024-04-01T15:49:59.093392,underwriter_002,underwriter_002
POL-000069,Zavala-Haas,Workers Compensation,Pending Renewal,2024-09-11,2025-09-11,250000,10000,"Business Interruption, Equipment Breakdown","Cyber Exclusion, Flood Exclusion",Cassandra Lindsey,Stewart LLC,Low,restricted,underwriting_platform,2024-08-18T15:49:59.094392,2025-09-07T15:49:59.094392,underwriter_001,uw_manager_001
POL-000070,Scott-Hale,Commercial Property,Expired,2024-01-03,2025-01-02,5000000,25000,"Windstorm Coverage, Earthquake Endorsement",Cyber Exclusion,Amy Dudley,Blackwell PLC,Medium,confidential,broker_submission_portal,2023-12-06T15:49:59.094392,2024-11-13T15:49:59.094392,underwriter_001,underwriter_001
POL-000071,Anderson-Forbes,Umbrella,Pending Renewal,2023-05-30,2024-05-29,1000000,25000,"Flood Coverage, Windstorm Coverage",Cyber Exclusion,Shannon Butler,Martin-Gilbert,High,restricted,broker_submission_portal,2023-05-15T15:49:59.094392,2024-04-09T15:49:59.094392,uw_manager_001,underwriter_002
POL-000072,Romero LLC,Workers Compensation,Expired,2025-02-22,2026-02-22,250000,10000,"Flood Coverage, Equipment Breakdown, Windstorm Coverage",Cyber Exclusion,Traci Cortez,Baldwin-Reilly,High,confidential,broker_submission_portal,2025-02-05T15:49:59.095392,2026-01-11T15:49:59.095392,underwriter_002,underwriter_001
POL-000073,Wright Inc,Umbrella,Cancelled,2024-10-02,2025-10-02,500000,1000,"Earthquake Endorsement, Windstorm Coverage, Cyber Extension",Flood Exclusion,Lisa Davis,Allen LLC,Medium,confidential,underwriting_platform,2024-09-24T15:49:59.095392,2025-09-08T15:49:59.095392,underwriter_001,uw_manager_001
POL-000074,Herrera PLC,Workers Compensation,Expired,2024-12-28,2025-12-28,5000000,5000,"Flood Coverage, Cyber Extension, Equipment Breakdown",Terrorism Exclusion,Sheryl Mcgee,Thompson and Sons,Low,restricted,policy_admin_system,2024-12-04T15:49:59.095392,2025-11-22T15:49:59.095392,uw_manager_001,underwriter_002
POL-000075,Thomas-Miller,Commercial Property,Cancelled,2024-08-26,2025-08-26,250000,10000,"Flood Coverage, Windstorm Coverage","War Exclusion, Mold Exclusion",Sherri Stevenson,Payne-Brown,Low,restricted,underwriting_platform,2024-07-31T15:49:59.095392,2025-08-18T15:49:59.095392,uw_manager_001,underwriter_001
POL-000076,Baker-Hawkins,Workers Compensation,Active,2023-09-13,2024-09-12,500000,5000,"Windstorm Coverage, Earthquake Endorsement, Cyber Extension","Cyber Exclusion, Mold Exclusion",Jason Rodriguez,Schwartz Inc,High,restricted,broker_submission_portal,2023-08-26T15:49:59.096392,2024-08-13T15:49:59.096392,underwriter_001,uw_manager_001
POL-000077,Long Group,Workers Compensation,Pending Renewal,2023-10-09,2024-10-08,1000000,5000,"Equipment Breakdown, Windstorm Coverage, Business Interruption",War Exclusion,Alexandria Barton,"Buchanan, Sheppard and Johnson",High,internal,underwriting_platform,2023-09-09T15:49:59.096392,2024-08-21T15:49:59.096392,underwriter_001,underwriter_001
POL-000078,Caldwell-Cruz,Cyber,Pending Renewal,2026-03-29,2027-03-29,500000,25000,"Cyber Extension, Earthquake Endorsement",Flood Exclusion,Jose Juarez,"Hudson, Saunders and Peterson",Low,restricted,policy_admin_system,2026-03-14T15:49:59.096392,2027-02-12T15:49:59.096392,underwriter_002,underwriter_001
POL-000079,May Group,Commercial Property,Cancelled,2025-05-23,2026-05-23,250000,10000,Cyber Extension,"Terrorism Exclusion, Mold Exclusion",John Cochran,"Ware, Weaver and Rivera",Medium,confidential,underwriting_platform,2025-05-05T15:49:59.096392,2026-04-08T15:49:59.096392,uw_manager_001,underwriter_001
POL-000080,"Peterson, Smith and Jones",Commercial Auto,Active,2025-03-21,2026-03-21,250000,2500,"Flood Coverage, Windstorm Coverage, Cyber Extension","Mold Exclusion, Cyber Exclusion",Melissa Watson,Caldwell-Cardenas,High,internal,underwriting_platform,2025-03-02T15:49:59.097392,2026-01-23T15:49:59.097392,underwriter_002,underwriter_001
POL-000081,Fletcher-Diaz,Commercial Property,Active,2025-04-01,2026-04-01,5000000,10000,"Windstorm Coverage, Equipment Breakdown, Business Interruption","War Exclusion, Flood Exclusion",Scott Crawford,Berger-Mckay,Low,internal,broker_submission_portal,2025-03-18T15:49:59.097392,2026-02-13T15:49:59.097392,underwriter_001,uw_manager_001
POL-000082,Smith LLC,Workers Compensation,Expired,2025-02-14,2026-02-14,1000000,1000,"Earthquake Endorsement, Windstorm Coverage, Equipment Breakdown","Cyber Exclusion, Flood Exclusion",Erica Brown,"George, Smith and Saunders",Low,confidential,broker_submission_portal,2025-01-17T15:49:59.097392,2026-01-04T15:49:59.097392,uw_manager_001,underwriter_002
POL-000083,Mejia and Sons,Commercial Auto,Expired,2024-08-08,2025-08-08,100000,25000,"Business Interruption, Earthquake Endorsement","Terrorism Exclusion, Mold Exclusion",Valerie Jones,Cline-Martinez,Medium,confidential,underwriting_platform,2024-07-22T15:49:59.098392,2025-07-23T15:49:59.098392,uw_manager_001,underwriter_001
POL-000084,Thomas-Parker,Umbrella,Pending Renewal,2025-01-25,2026-01-25,250000,25000,"Flood Coverage, Cyber Extension, Windstorm Coverage","Cyber Exclusion, Mold Exclusion",Brandi Arroyo,Robinson-Brady,High,restricted,policy_admin_system,2025-01-12T15:49:59.098392,2025-11-27T15:49:59.098392,underwriter_002,uw_manager_001
POL-000085,Reeves Ltd,General Liability,Cancelled,2026-03-14,2027-03-14,250000,25000,Earthquake Endorsement,War Exclusion,Robert Carrillo,Gallegos PLC,High,internal,broker_submission_portal,2026-03-11T15:49:59.098392,2027-03-04T15:49:59.098392,uw_manager_001,underwriter_001
POL-000086,Robinson-Lloyd,Workers Compensation,Cancelled,2023-05-04,2024-05-03,250000,25000,"Flood Coverage, Cyber Extension, Business Interruption",War Exclusion,William Ramirez,"Bryant, Price and Jenkins",High,confidential,policy_admin_system,2023-05-03T15:49:59.098392,2024-03-14T15:49:59.098392,uw_manager_001,underwriter_001
POL-000087,Payne LLC,Cyber,Cancelled,2024-03-26,2025-03-26,5000000,5000,Windstorm Coverage,"Cyber Exclusion, Flood Exclusion",Nicole Taylor,Norman-Carney,Medium,internal,underwriting_platform,2024-03-24T15:49:59.099392,2025-03-04T15:49:59.099392,underwriter_002,underwriter_001
POL-000088,"Molina, Butler and Smith",Cyber,Pending Renewal,2025-03-15,2026-03-15,250000,25000,"Equipment Breakdown, Cyber Extension, Business Interruption",Mold Exclusion,Tyler Thompson,"Benson, Maxwell and West",Medium,internal,underwriting_platform,2025-02-14T15:49:59.099392,2026-03-02T15:49:59.099392,underwriter_002,uw_manager_001
POL-000089,Robinson-Jenkins,Workers Compensation,Pending Renewal,2023-12-05,2024-12-04,500000,25000,"Cyber Extension, Equipment Breakdown","War Exclusion, Flood Exclusion",Carol Thompson,Zavala and Sons,Low,confidential,policy_admin_system,2023-11-16T15:49:59.099392,2024-11-05T15:49:59.099392,underwriter_001,underwriter_001
POL-000090,Goodman and Sons,Umbrella,Expired,2024-05-07,2025-05-07,1000000,25000,"Earthquake Endorsement, Cyber Extension","Terrorism Exclusion, Mold Exclusion",Allison Garcia,"Taylor, Perry and Casey",High,confidential,policy_admin_system,2024-05-04T15:49:59.100392,2025-05-03T15:49:59.100392,uw_manager_001,uw_manager_001
POL-000091,"Hawkins, Smith and Mosley",Commercial Property,Expired,2026-01-20,2027-01-20,5000000,2500,"Windstorm Coverage, Flood Coverage, Equipment Breakdown",Terrorism Exclusion,Sarah Haley,Cervantes Group,Medium,confidential,policy_admin_system,2025-12-30T15:49:59.100392,2027-01-13T15:49:59.100392,underwriter_001,underwriter_002
POL-000092,"Lawson, Nelson and Scott",Commercial Auto,Expired,2023-06-28,2024-06-27,100000,2500,"Flood Coverage, Equipment Breakdown","War Exclusion, Mold Exclusion",Susan Howard,"Murray, Maldonado and Berg",Low,confidential,broker_submission_portal,2023-06-24T15:49:59.100392,2024-05-12T15:49:59.100392,uw_manager_001,uw_manager_001
POL-000093,Rios LLC,Umbrella,Pending Renewal,2024-10-21,2025-10-21,5000000,10000,"Equipment Breakdown, Flood Coverage",War Exclusion,Brenda Scott,George Inc,High,confidential,underwriting_platform,2024-09-23T15:49:59.101392,2025-09-08T15:49:59.101392,underwriter_002,underwriter_002
POL-000094,Howard-Reynolds,Workers Compensation,Active,2026-02-07,2027-02-07,5000000,5000,"Business Interruption, Earthquake Endorsement, Cyber Extension","War Exclusion, Terrorism Exclusion",Chase Henry,"Turner, Vargas and Smith",Low,confidential,broker_submission_portal,2026-01-30T15:49:59.101392,2026-12-19T15:49:59.101392,uw_manager_001,uw_manager_001
POL-000095,Martinez-Walsh,Umbrella,Expired,2025-04-19,2026-04-19,1000000,10000,"Equipment Breakdown, Windstorm Coverage, Flood Coverage",Flood Exclusion,Maria Silva,Russell-Gallagher,Medium,restricted,underwriting_platform,2025-04-13T15:49:59.101392,2026-03-14T15:49:59.101392,uw_manager_001,uw_manager_001
POL-000096,"Rollins, Sandoval and Thompson",Umbrella,Pending Renewal,2025-03-15,2026-03-15,5000000,25000,"Cyber Extension, Equipment Breakdown",War Exclusion,Kristen Wiley,"Ramirez, Harris and Martinez",Medium,confidential,policy_admin_system,2025-03-01T15:49:59.101392,2026-02-18T15:49:59.101392,underwriter_001,underwriter_001
POL-000097,Elliott LLC,Cyber,Pending Renewal,2023-09-01,2024-08-31,1000000,1000,"Cyber Extension, Earthquake Endorsement, Flood Coverage",Flood Exclusion,Leslie Santiago,"Goodwin, Castro and Floyd",High,confidential,underwriting_platform,2023-08-04T15:49:59.102392,2024-08-14T15:49:59.102392,uw_manager_001,underwriter_002
POL-000098,"Abbott, Johnson and Davis",Commercial Auto,Expired,2024-10-29,2025-10-29,500000,2500,"Earthquake Endorsement, Cyber Extension, Windstorm Coverage","Mold Exclusion, Cyber Exclusion",Angela Byrd,Lopez-White,High,confidential,broker_submission_portal,2024-10-11T15:49:59.102392,2025-09-24T15:49:59.102392,uw_manager_001,underwriter_001
POL-000099,Lee-Mcclain,Commercial Property,Expired,2025-05-15,2026-05-15,5000000,5000,"Windstorm Coverage, Equipment Breakdown, Cyber Extension","Terrorism Exclusion, Flood Exclusion",Alexander Meza,Michael Group,Low,confidential,broker_submission_portal,2025-05-01T15:49:59.102392,2026-05-12T15:49:59.102392,underwriter_001,underwriter_002
POL-000100,Flores PLC,Commercial Auto,Active,2023-01-22,2024-01-22,5000000,2500,Earthquake Endorsement,Flood Exclusion,James West,Collier and Sons,Low,internal,underwriting_platform,2023-01-21T15:49:59.103392,2024-01-03T15:49:59.103392,uw_manager_001,underwriter_002
POL-000101,Brown PLC,Workers Compensation,Cancelled,2023-02-09,2024-02-09,100000,1000,"Windstorm Coverage, Equipment Breakdown","Flood Exclusion, Terrorism Exclusion",Johnny Williams,Hughes-Boyd,High,internal,underwriting_platform,2023-02-07T15:49:59.103392,2024-01-26T15:49:59.103392,uw_manager_001,underwriter_002
POL-000102,Sanchez Ltd,Cyber,Cancelled,2026-03-15,2027-03-15,1000000,1000,"Cyber Extension, Flood Coverage, Business Interruption",Cyber Exclusion,Mark Figueroa,"Rowe, Hernandez and Barnes",Medium,restricted,broker_submission_portal,2026-02-16T15:49:59.103392,2027-02-01T15:49:59.103392,uw_manager_001,underwriter_002
POL-000103,"Simpson, Miller and West",Cyber,Cancelled,2024-10-15,2025-10-15,500000,2500,"Flood Coverage, Windstorm Coverage","Cyber Exclusion, Flood Exclusion",Devin Holloway,Bell-Logan,Low,confidential,underwriting_platform,2024-09-17T15:49:59.103392,2025-09-24T15:49:59.103392,underwriter_001,uw_manager_001
POL-000104,"Green, Jackson and Farrell",Commercial Property,Expired,2025-03-07,2026-03-07,5000000,10000,"Cyber Extension, Equipment Breakdown",Flood Exclusion,Kevin Floyd,"Silva, Rivera and Wilson",Low,restricted,policy_admin_system,2025-03-01T15:49:59.104392,2026-02-25T15:49:59.104392,uw_manager_001,underwriter_001
POL-000105,"Morales, Watson and Thompson",Cyber,Expired,2025-10-23,2026-10-23,500000,2500,"Earthquake Endorsement, Equipment Breakdown, Business Interruption",Mold Exclusion,Mary Greene,Flores PLC,Low,internal,underwriting_platform,2025-09-26T15:49:59.104392,2026-08-30T15:49:59.104392,uw_manager_001,underwriter_002
POL-000106,"Adkins, Martinez and Stewart",General Liability,Cancelled,2024-08-25,2025-08-25,1000000,25000,"Windstorm Coverage, Equipment Breakdown",Terrorism Exclusion,Michael Stanley,"Shaffer, Riley and Wong",Medium,restricted,broker_submission_portal,2024-08-01T15:49:59.104995,2025-08-07T15:49:59.104995,underwriter_001,uw_manager_001
POL-000107,"Young, Holmes and Ritter",Commercial Auto,Expired,2023-03-01,2024-02-29,100000,2500,Earthquake Endorsement,"Cyber Exclusion, Mold Exclusion",Nicole Johnson,Mitchell Inc,High,confidential,underwriting_platform,2023-02-22T15:49:59.104995,2024-01-28T15:49:59.104995,underwriter_001,uw_manager_001
POL-000108,Sanchez-Quinn,General Liability,Active,2024-08-15,2025-08-15,100000,2500,"Equipment Breakdown, Earthquake Endorsement","Mold Exclusion, Terrorism Exclusion",Edward Cruz,"Moore, Davenport and Lyons",Low,confidential,policy_admin_system,2024-07-17T15:49:59.106122,2025-08-08T15:49:59.106122,underwriter_001,underwriter_002
POL-000109,Robertson LLC,Umbrella,Pending Renewal,2026-01-01,2027-01-01,1000000,5000,Cyber Extension,"Terrorism Exclusion, War Exclusion",Sarah Thomas,Dennis-Young,Medium,restricted,underwriting_platform,2025-12-09T15:49:59.106122,2026-11-02T15:49:59.106122,underwriter_002,underwriter_001
POL-000110,Arnold PLC,Workers Compensation,Active,2024-09-09,2025-09-09,250000,5000,"Business Interruption, Flood Coverage","Mold Exclusion, Cyber Exclusion",Brittany Ayala,Nicholson PLC,Medium,confidential,underwriting_platform,2024-09-05T15:49:59.106122,2025-08-13T15:49:59.106122,uw_manager_001,uw_manager_001
POL-000111,Dougherty PLC,Cyber,Cancelled,2025-02-28,2026-02-28,250000,5000,"Cyber Extension, Equipment Breakdown","War Exclusion, Terrorism Exclusion",Megan Mcdonald,Perez Ltd,High,restricted,policy_admin_system,2025-02-23T15:49:59.107116,2026-01-09T15:49:59.107116,underwriter_001,underwriter_001
POL-000112,Cook LLC,General Liability,Active,2025-07-17,2026-07-17,1000000,10000,"Earthquake Endorsement, Cyber Extension","War Exclusion, Mold Exclusion",Walter King,Boyd-Perez,Medium,restricted,policy_admin_system,2025-07-05T15:49:59.107116,2026-06-19T15:49:59.107116,uw_manager_001,underwriter_001
POL-000113,Ramos LLC,Workers Compensation,Active,2023-04-09,2024-04-08,100000,10000,"Earthquake Endorsement, Flood Coverage, Cyber Extension",Flood Exclusion,Timothy White,Avery-Terry,Medium,internal,underwriting_platform,2023-03-12T15:49:59.107116,2024-03-09T15:49:59.107116,underwriter_001,underwriter_001
POL-000114,"Perez, Anthony and Thornton",Commercial Auto,Active,2025-01-17,2026-01-17,500000,25000,Business Interruption,"Flood Exclusion, Terrorism Exclusion",Gary Thomas,"Warner, Daniels and Evans",High,restricted,broker_submission_portal,2024-12-26T15:49:59.107116,2025-12-31T15:49:59.107116,uw_manager_001,underwriter_001
POL-000115,"Ritter, Chambers and Nguyen",Commercial Property,Expired,2025-08-04,2026-08-04,100000,1000,"Cyber Extension, Earthquake Endorsement",War Exclusion,Gregory Novak,Torres Inc,Medium,internal,underwriting_platform,2025-07-23T15:49:59.107116,2026-07-22T15:49:59.107116,uw_manager_001,underwriter_002
POL-000116,Christian Ltd,Commercial Auto,Pending Renewal,2023-02-27,2024-02-27,5000000,1000,"Equipment Breakdown, Business Interruption","Cyber Exclusion, Terrorism Exclusion",Jose Phelps,Vaughn-Hill,Medium,confidential,policy_admin_system,2023-02-04T15:49:59.108318,2024-02-11T15:49:59.108318,underwriter_002,uw_manager_001
POL-000117,"Strickland, King and Rodriguez",Cyber,Active,2023-10-08,2024-10-07,250000,5000,Cyber Extension,Flood Exclusion,Tina Martinez,Knight-Clark,Medium,restricted,broker_submission_portal,2023-09-08T15:49:59.108318,2024-09-25T15:49:59.108318,underwriter_001,underwriter_001
POL-000118,Smith Inc,Workers Compensation,Expired,2026-03-03,2027-03-03,500000,1000,"Cyber Extension, Windstorm Coverage, Business Interruption","Flood Exclusion, War Exclusion",Lisa Collins,Strong Group,High,internal,underwriting_platform,2026-03-01T15:49:59.108318,2027-01-28T15:49:59.108318,underwriter_002,underwriter_002
POL-000119,Powell Inc,Umbrella,Expired,2026-04-28,2027-04-28,500000,10000,"Equipment Breakdown, Earthquake Endorsement, Business Interruption","Terrorism Exclusion, Cyber Exclusion",Whitney Soto,"Weaver, Mccarthy and Morris",High,internal,policy_admin_system,2026-04-17T15:49:59.108318,2027-04-08T15:49:59.108318,underwriter_001,uw_manager_001
POL-000120,Liu PLC,Cyber,Active,2023-03-21,2024-03-20,1000000,2500,"Equipment Breakdown, Business Interruption",Cyber Exclusion,Tamara Walters,Dixon-Nguyen,High,confidential,underwriting_platform,2023-03-14T15:49:59.109318,2024-02-14T15:49:59.109318,underwriter_001,uw_manager_001
POL-000121,Morgan Inc,Commercial Auto,Expired,2024-10-22,2025-10-22,100000,10000,"Cyber Extension, Earthquake Endorsement",Cyber Exclusion,Megan Hanson,"Owens, Knight and Clark",Low,restricted,policy_admin_system,2024-10-21T15:49:59.109318,2025-08-30T15:49:59.109318,uw_manager_001,underwriter_001
POL-000122,Decker Group,General Liability,Expired,2023-03-22,2024-03-21,250000,25000,"Business Interruption, Flood Coverage, Earthquake Endorsement","Cyber Exclusion, War Exclusion",Shannon Melton,Morgan Inc,Medium,restricted,policy_admin_system,2023-03-01T15:49:59.109318,2024-02-07T15:49:59.109318,uw_manager_001,underwriter_001
POL-000123,Gray-Reed,Umbrella,Expired,2024-11-05,2025-11-05,250000,10000,"Equipment Breakdown, Business Interruption, Flood Coverage","Flood Exclusion, War Exclusion",Sonya Mathews,Wright-Carroll,Low,internal,underwriting_platform,2024-10-28T15:49:59.110317,2025-10-19T15:49:59.110317,underwriter_001,uw_manager_001
POL-000124,Sampson LLC,Umbrella,Expired,2024-09-20,2025-09-20,500000,10000,Equipment Breakdown,Cyber Exclusion,Marcus Garner,Barber Inc,Medium,restricted,broker_submission_portal,2024-09-09T15:49:59.110317,2025-09-02T15:49:59.110317,underwriter_002,uw_manager_001
POL-000125,"Gilmore, Johnson and Williams",Workers Compensation,Cancelled,2024-03-21,2025-03-21,1000000,5000,Windstorm Coverage,Flood Exclusion,Katie White,Prince-Johnston,Low,confidential,policy_admin_system,2024-02-26T15:49:59.110317,2025-02-09T15:49:59.110317,underwriter_002,underwriter_001
POL-000126,Hoffman PLC,Workers Compensation,Cancelled,2023-06-25,2024-06-24,500000,10000,Earthquake Endorsement,"Cyber Exclusion, Terrorism Exclusion",Dwayne Wright,Mcdonald-Hartman,Medium,internal,policy_admin_system,2023-05-29T15:49:59.110317,2024-04-30T15:49:59.110317,underwriter_001,underwriter_002
POL-000127,"Munoz, Le and Burke",General Liability,Cancelled,2023-03-31,2024-03-30,5000000,25000,Equipment Breakdown,Flood Exclusion,Ryan Ware,"Brown, Williams and Wallace",Low,internal,broker_submission_portal,2023-03-03T15:49:59.111317,2024-03-25T15:49:59.111317,underwriter_001,underwriter_001
POL-000128,Gray PLC,Workers Compensation,Expired,2023-12-06,2024-12-05,100000,2500,"Business Interruption, Equipment Breakdown, Flood Coverage","War Exclusion, Flood Exclusion",Jacqueline Lynch,White-Wolf,High,restricted,policy_admin_system,2023-11-24T15:49:59.111317,2024-12-04T15:49:59.111317,uw_manager_001,underwriter_002
POL-000129,"Oconnor, Moore and Rose",Umbrella,Pending Renewal,2025-07-19,2026-07-19,250000,1000,Earthquake Endorsement,"War Exclusion, Flood Exclusion",Deborah Marshall,"Ross, Brown and Sanchez",High,internal,broker_submission_portal,2025-07-09T15:49:59.111317,2026-07-07T15:49:59.111317,uw_manager_001,uw_manager_001
POL-000130,"Chambers, Gould and Pittman",Cyber,Pending Renewal,2024-01-23,2025-01-22,1000000,5000,"Flood Coverage, Business Interruption",Mold Exclusion,Angela Mcclain,"Martin, Miller and Munoz",Medium,internal,policy_admin_system,2024-01-03T15:49:59.112317,2024-12-05T15:49:59.112317,underwriter_001,underwriter_002
POL-000131,"Griffith, Mosley and Castillo",General Liability,Expired,2024-01-31,2025-01-30,1000000,25000,"Equipment Breakdown, Cyber Extension, Windstorm Coverage","Mold Exclusion, Terrorism Exclusion",Donna Acosta,Hicks-Morris,Medium,internal,broker_submission_portal,2024-01-05T15:49:59.112317,2025-01-17T15:49:59.112317,underwriter_002,underwriter_002
POL-000132,Pope-Ramirez,Workers Compensation,Pending Renewal,2024-09-16,2025-09-16,250000,25000,"Earthquake Endorsement, Flood Coverage",Cyber Exclusion,Bethany Gonzalez,"Boyd, Woods and Miller",Low,restricted,broker_submission_portal,2024-09-07T15:49:59.112317,2025-07-23T15:49:59.112317,underwriter_001,underwriter_002
POL-000133,Brown-Joyce,Commercial Property,Pending Renewal,2024-05-24,2025-05-24,1000000,5000,"Flood Coverage, Windstorm Coverage",War Exclusion,Rhonda Randolph,Murphy and Sons,High,confidential,broker_submission_portal,2024-05-20T15:49:59.113317,2025-05-05T15:49:59.113317,underwriter_002,underwriter_001
POL-000134,"Holmes, Gilbert and Evans",Cyber,Active,2023-08-18,2024-08-17,5000000,5000,"Windstorm Coverage, Equipment Breakdown, Earthquake Endorsement","Terrorism Exclusion, Cyber Exclusion",Kimberly Gamble,Manning and Sons,Low,restricted,broker_submission_portal,2023-08-06T15:49:59.113317,2024-07-03T15:49:59.113317,uw_manager_001,uw_manager_001
POL-000135,"Rios, Castillo and Woods",Workers Compensation,Expired,2023-06-08,2024-06-07,1000000,25000,"Business Interruption, Cyber Extension, Earthquake Endorsement","Cyber Exclusion, Terrorism Exclusion",Robin Patrick,Graham-Jackson,Medium,restricted,broker_submission_portal,2023-06-02T15:49:59.113317,2024-05-04T15:49:59.113317,underwriter_001,underwriter_002
POL-000136,Miller LLC,Commercial Property,Expired,2024-12-29,2025-12-29,1000000,1000,Business Interruption,Terrorism Exclusion,Annette Taylor,"Holmes, Pena and Cook",High,confidential,underwriting_platform,2024-12-13T15:49:59.114317,2025-11-04T15:49:59.114317,uw_manager_001,underwriter_001
POL-000137,Cook LLC,Commercial Property,Cancelled,2024-02-25,2025-02-24,1000000,25000,Earthquake Endorsement,War Exclusion,William Thornton,Flores and Sons,High,restricted,broker_submission_portal,2024-01-31T15:49:59.114317,2025-02-20T15:49:59.114317,underwriter_002,underwriter_002
POL-000138,Weber Inc,Cyber,Cancelled,2023-04-21,2024-04-20,500000,2500,"Windstorm Coverage, Earthquake Endorsement, Flood Coverage",Flood Exclusion,Tara Kim,Noble-Colon,High,internal,broker_submission_portal,2023-04-08T15:49:59.114317,2024-02-28T15:49:59.114317,uw_manager_001,uw_manager_001
POL-000139,Montgomery Inc,General Liability,Cancelled,2024-04-16,2025-04-16,250000,5000,"Equipment Breakdown, Windstorm Coverage, Cyber Extension","Flood Exclusion, Terrorism Exclusion",Martin Clark,Ferguson Group,High,internal,broker_submission_portal,2024-03-27T15:49:59.114317,2025-04-07T15:49:59.114317,underwriter_002,uw_manager_001
POL-000140,"Knox, Gonzalez and Alvarez",Commercial Property,Expired,2024-04-24,2025-04-24,5000000,1000,"Equipment Breakdown, Business Interruption","Flood Exclusion, Cyber Exclusion",Jason Dyer,Beltran-Keller,High,restricted,policy_admin_system,2024-03-27T15:49:59.114317,2025-03-07T15:49:59.114317,underwriter_002,uw_manager_001
POL-000141,Elliott Inc,Commercial Property,Pending Renewal,2025-03-11,2026-03-11,250000,25000,"Business Interruption, Equipment Breakdown",Cyber Exclusion,Alyssa Palmer,Flores and Sons,Medium,confidential,broker_submission_portal,2025-02-22T15:49:59.115317,2026-02-26T15:49:59.115317,uw_manager_001,underwriter_002
POL-000142,Dean and Sons,General Liability,Pending Renewal,2026-01-22,2027-01-22,100000,25000,"Equipment Breakdown, Windstorm Coverage",Mold Exclusion,Nicole Clark,Owens and Sons,Medium,restricted,underwriting_platform,2026-01-15T15:49:59.115317,2026-12-10T15:49:59.115317,underwriter_001,underwriter_001
POL-000143,Smith-Martin,Umbrella,Pending Renewal,2024-04-26,2025-04-26,250000,25000,"Cyber Extension, Flood Coverage, Business Interruption",Mold Exclusion,Nancy Haley,"Vasquez, Jensen and Robinson",High,confidential,underwriting_platform,2024-04-04T15:49:59.115317,2025-03-04T15:49:59.115317,underwriter_002,underwriter_001
POL-000144,"Moreno, Haynes and Cobb",General Liability,Expired,2023-07-07,2024-07-06,100000,2500,"Earthquake Endorsement, Cyber Extension","Terrorism Exclusion, Flood Exclusion",Linda Howard,"Raymond, Miller and Hendrix",High,confidential,policy_admin_system,2023-06-28T15:49:59.116317,2024-06-24T15:49:59.116317,underwriter_002,uw_manager_001
POL-000145,Smith PLC,Cyber,Pending Renewal,2026-01-11,2027-01-11,1000000,25000,"Cyber Extension, Flood Coverage, Business Interruption","Flood Exclusion, Cyber Exclusion",Julia Duran,Romero-Dunn,Low,restricted,underwriting_platform,2025-12-29T15:49:59.116317,2026-12-01T15:49:59.116317,underwriter_002,underwriter_001
POL-000146,"Cruz, Williams and Gregory",Commercial Auto,Pending Renewal,2026-03-02,2027-03-02,100000,1000,"Cyber Extension, Windstorm Coverage, Flood Coverage","Flood Exclusion, Mold Exclusion",Shannon Rodgers,Frederick PLC,Low,internal,broker_submission_portal,2026-02-21T15:49:59.116317,2027-01-31T15:49:59.116317,underwriter_001,underwriter_002
POL-000147,Smith-Brown,Cyber,Expired,2023-04-26,2024-04-25,500000,5000,"Equipment Breakdown, Earthquake Endorsement, Cyber Extension",War Exclusion,Mckenzie Espinoza,"Matthews, Miller and Yoder",Medium,confidential,broker_submission_portal,2023-04-14T15:49:59.116317,2024-04-24T15:49:59.116317,underwriter_001,underwriter_002
POL-000148,Jones-Jones,General Liability,Expired,2026-02-14,2027-02-14,100000,2500,"Equipment Breakdown, Business Interruption","Cyber Exclusion, Flood Exclusion",Sheryl Hanson,Valenzuela-Estrada,Medium,restricted,policy_admin_system,2026-01-23T15:49:59.117317,2027-01-27T15:49:59.117317,underwriter_002,underwriter_002
POL-000149,"Berry, Lewis and Smith",General Liability,Cancelled,2023-12-16,2024-12-15,500000,5000,"Cyber Extension, Earthquake Endorsement, Flood Coverage","Flood Exclusion, Mold Exclusion",Thomas Burnett,"Salinas, Woods and Martin",Low,confidential,broker_submission_portal,2023-12-15T15:49:59.117317,2024-12-08T15:49:59.117317,underwriter_001,underwriter_002
POL-000150,"Cooper, Hernandez and Fowler",General Liability,Pending Renewal,2025-10-11,2026-10-11,1000000,10000,"Equipment Breakdown, Business Interruption","War Exclusion, Flood Exclusion",Gabriela Peterson,Fisher-Holt,Low,confidential,underwriting_platform,2025-09-17T15:49:59.117317,2026-10-05T15:49:59.117317,underwriter_001,uw_manager_001
POL-000151,Mejia Group,Workers Compensation,Active,2023-06-22,2024-06-21,500000,25000,"Flood Coverage, Windstorm Coverage","Flood Exclusion, Cyber Exclusion",Amanda Flores,"Levine, Crawford and Nelson",Medium,internal,policy_admin_system,2023-05-30T15:49:59.118317,2024-05-09T15:49:59.118317,uw_manager_001,underwriter_002
POL-000152,"Riley, Holden and Walker",Umbrella,Active,2025-07-19,2026-07-19,1000000,1000,"Cyber Extension, Equipment Breakdown","Cyber Exclusion, Terrorism Exclusion",Thomas Jackson,Morgan-Lyons,High,internal,policy_admin_system,2025-06-21T15:49:59.118317,2026-06-28T15:49:59.118317,underwriter_002,underwriter_002
POL-000153,Mccormick-Armstrong,Commercial Auto,Active,2024-09-16,2025-09-16,1000000,10000,"Windstorm Coverage, Business Interruption, Earthquake Endorsement",Flood Exclusion,Jill Robinson,"Walton, Patterson and Dean",Medium,confidential,broker_submission_portal,2024-08-19T15:49:59.118317,2025-08-12T15:49:59.118317,uw_manager_001,underwriter_002
POL-000154,Stewart-Price,Umbrella,Active,2024-06-08,2025-06-08,100000,25000,Flood Coverage,Flood Exclusion,Jonathan Miller,Shaw LLC,Low,restricted,broker_submission_portal,2024-05-27T15:49:59.119317,2025-05-17T15:49:59.119317,uw_manager_001,underwriter_002
POL-000155,Brown-Thomas,Commercial Auto,Cancelled,2025-08-16,2026-08-16,1000000,1000,Equipment Breakdown,Terrorism Exclusion,Jason Garner,"Garner, Anderson and Jackson",High,internal,underwriting_platform,2025-08-09T15:49:59.119317,2026-08-05T15:49:59.119317,uw_manager_001,uw_manager_001
POL-000156,White-Daniels,Umbrella,Pending Renewal,2025-08-30,2026-08-30,100000,25000,"Equipment Breakdown, Flood Coverage","War Exclusion, Terrorism Exclusion",Alexis Johnston,Miller and Sons,Medium,restricted,underwriting_platform,2025-08-08T15:49:59.119317,2026-07-29T15:49:59.119317,uw_manager_001,underwriter_002
POL-000157,Werner-Rubio,Commercial Property,Active,2025-09-06,2026-09-06,5000000,1000,"Flood Coverage, Cyber Extension","Cyber Exclusion, Flood Exclusion",Mrs. Amanda Long,Mason-Rodriguez,Low,confidential,underwriting_platform,2025-08-18T15:49:59.120317,2026-08-08T15:49:59.120317,uw_manager_001,uw_manager_001
POL-000158,Anderson Ltd,General Liability,Cancelled,2023-10-25,2024-10-24,5000000,1000,Cyber Extension,"Flood Exclusion, Cyber Exclusion",Jacob Barry,Liu Group,High,internal,policy_admin_system,2023-10-23T15:49:59.120317,2024-10-18T15:49:59.120317,underwriter_001,underwriter_002
POL-000159,"Anderson, Ruiz and Terrell",Cyber,Active,2023-02-17,2024-02-17,1000000,25000,Business Interruption,Cyber Exclusion,Allen Rojas,Kelly-Johnson,Low,confidential,underwriting_platform,2023-01-28T15:49:59.120317,2024-01-13T15:49:59.120317,uw_manager_001,underwriter_001
POL-000160,"Brown, Peterson and Hill",Umbrella,Active,2024-02-10,2025-02-09,5000000,2500,Business Interruption,Mold Exclusion,Vanessa Mcmahon,Boone LLC,High,restricted,broker_submission_portal,2024-01-22T15:49:59.120317,2025-01-28T15:49:59.120317,uw_manager_001,underwriter_002
POL-000161,"Mitchell, Orozco and Ritter",Commercial Auto,Expired,2025-12-13,2026-12-13,250000,1000,"Business Interruption, Earthquake Endorsement","War Exclusion, Flood Exclusion",Hannah Monroe,Brown and Sons,Low,restricted,underwriting_platform,2025-12-02T15:49:59.121317,2026-10-28T15:49:59.121317,underwriter_002,underwriter_001
POL-000162,Wright-Delacruz,General Liability,Expired,2025-04-07,2026-04-07,1000000,5000,"Flood Coverage, Business Interruption",War Exclusion,Jaclyn Anderson,West LLC,Medium,confidential,broker_submission_portal,2025-03-08T15:49:59.121673,2026-03-15T15:49:59.121673,underwriter_001,underwriter_001
POL-000163,Shelton-Campbell,Workers Compensation,Active,2024-09-11,2025-09-11,5000000,25000,"Earthquake Endorsement, Flood Coverage",Cyber Exclusion,Franklin Roy,"Vang, Hunt and Fox",Medium,internal,policy_admin_system,2024-09-09T15:49:59.121673,2025-07-20T15:49:59.121673,underwriter_001,underwriter_002
POL-000164,"Newton, Hoffman and Hopkins",Cyber,Expired,2023-07-18,2024-07-17,1000000,1000,"Flood Coverage, Business Interruption","Terrorism Exclusion, Flood Exclusion",Mark Gibbs,Dalton Group,Low,internal,broker_submission_portal,2023-07-01T15:49:59.121673,2024-06-12T15:49:59.121673,underwriter_001,underwriter_002
POL-000165,Nguyen-Hill,Commercial Auto,Active,2023-06-01,2024-05-31,5000000,5000,Windstorm Coverage,Mold Exclusion,John Graham,"Woodward, Moon and Lopez",Medium,restricted,policy_admin_system,2023-05-09T15:49:59.122772,2024-04-14T15:49:59.122772,uw_manager_001,uw_manager_001
POL-000166,Bell Group,Umbrella,Expired,2026-04-21,2027-04-21,100000,25000,"Cyber Extension, Business Interruption, Equipment Breakdown","War Exclusion, Flood Exclusion",Michael Contreras,Perez Ltd,High,confidential,underwriting_platform,2026-04-13T15:49:59.123265,2027-03-14T15:49:59.123265,underwriter_002,underwriter_002
POL-000167,Rosario-Horton,Commercial Auto,Pending Renewal,2024-02-03,2025-02-02,1000000,1000,Flood Coverage,"War Exclusion, Cyber Exclusion",Gregory Smith,"Johnson, Brown and Cole",Low,internal,broker_submission_portal,2024-01-15T15:49:59.123265,2025-01-18T15:49:59.123265,uw_manager_001,underwriter_001
POL-000168,Young Ltd,Umbrella,Pending Renewal,2024-09-03,2025-09-03,1000000,5000,"Equipment Breakdown, Business Interruption",Flood Exclusion,Susan Wilson,"Valencia, Miller and Ward",High,internal,underwriting_platform,2024-08-07T15:49:59.123265,2025-08-15T15:49:59.123265,underwriter_002,underwriter_002
POL-000169,Jenkins Ltd,General Liability,Expired,2024-07-11,2025-07-11,100000,1000,"Equipment Breakdown, Business Interruption","Cyber Exclusion, Mold Exclusion",Samuel Pennington,Patterson-Green,Medium,confidential,broker_submission_portal,2024-06-30T15:49:59.123265,2025-06-18T15:49:59.123265,underwriter_002,underwriter_001
POL-000170,"Bright, Wright and Dunn",Workers Compensation,Expired,2024-07-03,2025-07-03,500000,1000,Earthquake Endorsement,Cyber Exclusion,Stephanie Walsh,Miller-Chen,Low,internal,broker_submission_portal,2024-06-13T15:49:59.124361,2025-06-16T15:49:59.124361,underwriter_001,underwriter_001
POL-000171,Snyder and Sons,Umbrella,Expired,2025-08-13,2026-08-13,5000000,1000,"Equipment Breakdown, Business Interruption, Earthquake Endorsement",Terrorism Exclusion,Evan Mcneil,Russell-Bush,Low,confidential,underwriting_platform,2025-07-29T15:49:59.124361,2026-07-13T15:49:59.124361,uw_manager_001,uw_manager_001
POL-000172,Hernandez LLC,Cyber,Active,2025-08-18,2026-08-18,250000,1000,"Windstorm Coverage, Business Interruption","Cyber Exclusion, Mold Exclusion",Christopher Brown,Lucas-Mcconnell,Medium,confidential,underwriting_platform,2025-08-13T15:49:59.124361,2026-08-14T15:49:59.124361,underwriter_002,uw_manager_001
POL-000173,Bennett LLC,Cyber,Expired,2025-12-29,2026-12-29,250000,10000,"Business Interruption, Windstorm Coverage",Flood Exclusion,Craig Parker,Vargas LLC,Medium,restricted,broker_submission_portal,2025-12-26T15:49:59.124361,2026-11-05T15:49:59.124361,underwriter_002,underwriter_002
POL-000174,Nelson-Smith,General Liability,Pending Renewal,2025-06-26,2026-06-26,5000000,1000,Windstorm Coverage,Flood Exclusion,Michael Davis,Henry Group,Low,restricted,underwriting_platform,2025-06-17T15:49:59.125361,2026-05-08T15:49:59.125361,underwriter_002,underwriter_001
POL-000175,"Knight, Taylor and Green",Commercial Auto,Expired,2023-08-15,2024-08-14,5000000,10000,"Flood Coverage, Business Interruption, Windstorm Coverage","War Exclusion, Terrorism Exclusion",Juan Bruce,Chen-Leonard,Medium,confidential,broker_submission_portal,2023-07-22T15:49:59.125361,2024-08-05T15:49:59.125361,uw_manager_001,underwriter_001
POL-000176,Simpson Inc,Workers Compensation,Active,2026-01-29,2027-01-29,500000,25000,"Flood Coverage, Business Interruption, Windstorm Coverage","Terrorism Exclusion, Cyber Exclusion",Travis Mann,"Cherry, Ramirez and Taylor",Medium,restricted,underwriting_platform,2026-01-19T15:49:59.125361,2026-12-12T15:49:59.125361,uw_manager_001,uw_manager_001
POL-000177,Thomas-Johnson,General Liability,Active,2025-02-11,2026-02-11,250000,5000,"Equipment Breakdown, Earthquake Endorsement",Flood Exclusion,Crystal Wood,Rice-Chan,High,confidential,policy_admin_system,2025-01-21T15:49:59.126361,2026-02-04T15:49:59.126361,underwriter_002,underwriter_001
POL-000178,Mejia-Williams,Commercial Property,Expired,2024-12-13,2025-12-13,250000,5000,"Cyber Extension, Equipment Breakdown",Cyber Exclusion,Bianca Roach,Scott-Roth,Medium,internal,broker_submission_portal,2024-12-12T15:49:59.126361,2025-12-09T15:49:59.126361,uw_manager_001,underwriter_002
POL-000179,Perez Ltd,Commercial Auto,Expired,2023-05-02,2024-05-01,250000,2500,"Cyber Extension, Windstorm Coverage",Flood Exclusion,Sandra Mahoney,Hill Inc,High,internal,underwriting_platform,2023-04-24T15:49:59.126361,2024-03-26T15:49:59.126361,uw_manager_001,uw_manager_001
POL-000180,Patrick Inc,Workers Compensation,Cancelled,2023-10-14,2024-10-13,250000,1000,Business Interruption,"Flood Exclusion, War Exclusion",Mitchell Berger MD,Stevens-Fuller,High,restricted,broker_submission_portal,2023-09-29T15:49:59.126361,2024-10-08T15:49:59.126361,uw_manager_001,uw_manager_001
POL-000181,Potts-Hughes,General Liability,Pending Renewal,2023-04-15,2024-04-14,5000000,10000,"Business Interruption, Flood Coverage",Cyber Exclusion,Karen Craig,Montoya-Coleman,Low,confidential,underwriting_platform,2023-04-01T15:49:59.127361,2024-04-12T15:49:59.127361,underwriter_001,underwriter_001
POL-000182,Good-Joyce,Commercial Property,Expired,2024-12-21,2025-12-21,5000000,1000,"Equipment Breakdown, Flood Coverage, Windstorm Coverage",Flood Exclusion,Shane Harris,Norris LLC,Low,restricted,broker_submission_portal,2024-12-12T15:49:59.127361,2025-12-14T15:49:59.127361,underwriter_002,uw_manager_001
POL-000183,"Paul, Ballard and Hernandez",General Liability,Active,2025-05-03,2026-05-03,500000,25000,"Equipment Breakdown, Windstorm Coverage",War Exclusion,Aaron Harris,Burton-Maddox,High,internal,underwriting_platform,2025-04-30T15:49:59.127361,2026-03-31T15:49:59.127361,underwriter_001,underwriter_001
POL-000184,Munoz-Neal,Commercial Property,Cancelled,2024-08-02,2025-08-02,100000,25000,Cyber Extension,"Mold Exclusion, Flood Exclusion",Lisa Walker,Walker-Morrison,Low,confidential,policy_admin_system,2024-07-23T15:49:59.127361,2025-07-20T15:49:59.127361,uw_manager_001,underwriter_002
POL-000185,Cox-Brooks,Umbrella,Expired,2025-09-29,2026-09-29,250000,5000,"Earthquake Endorsement, Equipment Breakdown, Business Interruption",Mold Exclusion,William Rice,"Payne, Garcia and Becker",Low,confidential,broker_submission_portal,2025-09-15T15:49:59.128361,2026-09-26T15:49:59.128361,uw_manager_001,uw_manager_001
POL-000186,Williams-Ford,Cyber,Expired,2023-06-11,2024-06-10,250000,10000,"Equipment Breakdown, Flood Coverage, Business Interruption",Cyber Exclusion,Erica Maldonado,Wheeler-Goodwin,Medium,restricted,broker_submission_portal,2023-05-31T15:49:59.128361,2024-04-18T15:49:59.128361,underwriter_002,underwriter_001
POL-000187,"Orozco, Watson and Evans",General Liability,Expired,2025-06-23,2026-06-23,100000,2500,"Business Interruption, Flood Coverage, Cyber Extension","Cyber Exclusion, Terrorism Exclusion",Amanda Maldonado,Cervantes-Butler,Medium,restricted,policy_admin_system,2025-06-09T15:49:59.128361,2026-06-11T15:49:59.128361,underwriter_002,underwriter_002
POL-000188,Thomas Group,Workers Compensation,Expired,2025-03-18,2026-03-18,500000,2500,"Windstorm Coverage, Business Interruption","Cyber Exclusion, Terrorism Exclusion",Felicia Hart,Mitchell-Flores,Medium,restricted,underwriting_platform,2025-02-21T15:49:59.129361,2026-03-16T15:49:59.129361,uw_manager_001,underwriter_002
POL-000189,"Todd, Mullins and Stone",Umbrella,Active,2026-04-18,2027-04-18,5000000,5000,Flood Coverage,Cyber Exclusion,Brenda Nelson,Bryant and Sons,Medium,confidential,policy_admin_system,2026-04-06T15:49:59.129361,2027-03-25T15:49:59.129361,underwriter_001,underwriter_002
POL-000190,Phillips Ltd,Commercial Property,Active,2024-04-06,2025-04-06,1000000,2500,"Equipment Breakdown, Cyber Extension, Windstorm Coverage",Flood Exclusion,Gwendolyn Baxter,Kennedy LLC,Low,internal,underwriting_platform,2024-03-21T15:49:59.129361,2025-02-25T15:49:59.129361,uw_manager_001,underwriter_001
POL-000191,Myers Ltd,Cyber,Active,2023-09-03,2024-09-02,500000,10000,"Windstorm Coverage, Cyber Extension","Mold Exclusion, Flood Exclusion",Mario Flynn,Clark-Willis,Medium,restricted,underwriting_platform,2023-08-06T15:49:59.129361,2024-07-08T15:49:59.129361,underwriter_002,underwriter_002
POL-000192,"Garrison, Hines and Johnson",Commercial Property,Pending Renewal,2026-01-29,2027-01-29,1000000,10000,"Business Interruption, Cyber Extension, Earthquake Endorsement","War Exclusion, Mold Exclusion",Michaela Kirk,Nelson and Sons,Low,confidential,underwriting_platform,2026-01-05T15:49:59.130361,2026-12-11T15:49:59.130361,underwriter_001,uw_manager_001
POL-000193,"Pratt, Scott and Evans",Commercial Auto,Active,2023-04-10,2024-04-09,100000,10000,Earthquake Endorsement,Mold Exclusion,Taylor Matthews,"Brown, Blake and Ball",Low,confidential,broker_submission_portal,2023-03-16T15:49:59.130361,2024-03-25T15:49:59.130361,uw_manager_001,underwriter_002
POL-000194,"Bass, Rogers and Bailey",Cyber,Active,2026-03-01,2027-03-01,500000,2500,"Flood Coverage, Equipment Breakdown",War Exclusion,David Davis,Peterson-Clarke,Medium,restricted,broker_submission_portal,2026-02-12T15:49:59.130361,2027-02-10T15:49:59.130361,uw_manager_001,underwriter_001
POL-000195,Lopez Inc,Workers Compensation,Expired,2025-10-15,2026-10-15,250000,1000,"Cyber Extension, Business Interruption, Windstorm Coverage",Mold Exclusion,Chad Liu,Knight-Meyers,High,restricted,broker_submission_portal,2025-10-14T15:49:59.131364,2026-09-30T15:49:59.131364,underwriter_001,underwriter_001
POL-000196,"Bradley, Vazquez and Cochran",General Liability,Cancelled,2023-07-26,2024-07-25,1000000,10000,"Cyber Extension, Flood Coverage","Terrorism Exclusion, Mold Exclusion",Nicole Chavez,Williams-Mendoza,High,restricted,policy_admin_system,2023-07-19T15:49:59.131364,2024-07-13T15:49:59.131364,underwriter_002,underwriter_002
POL-000197,"Barnes, Mcclain and Lopez",Cyber,Active,2024-04-10,2025-04-10,5000000,10000,"Flood Coverage, Cyber Extension, Business Interruption","War Exclusion, Cyber Exclusion",Jennifer Carter,"Mcdonald, Stark and Martinez",High,internal,underwriting_platform,2024-03-18T15:49:59.131364,2025-02-18T15:49:59.131364,uw_manager_001,uw_manager_001
POL-000198,Ayala-Pope,Commercial Auto,Pending Renewal,2024-03-27,2025-03-27,250000,2500,"Business Interruption, Flood Coverage, Cyber Extension",Cyber Exclusion,Jacob Brown,Paul LLC,High,internal,underwriting_platform,2024-03-24T15:49:59.132361,2025-02-24T15:49:59.132361,underwriter_001,underwriter_002
POL-000199,West Inc,Commercial Auto,Cancelled,2023-05-30,2024-05-29,250000,5000,Business Interruption,War Exclusion,Joseph Becker,Salinas-Rowland,Medium,restricted,underwriting_platform,2023-05-17T15:49:59.132361,2024-04-24T15:49:59.132361,uw_manager_001,underwriter_001
POL-000200,"Weiss, White and Owen",Cyber,Expired,2024-03-24,2025-03-24,5000000,25000,"Flood Coverage, Cyber Extension","Flood Exclusion, War Exclusion",Ana Stewart,"Li, Hodge and Bell",High,restricted,broker_submission_portal,2024-02-25T15:49:59.132361,2025-01-24T15:49:59.132361,uw_manager_001,uw_manager_001
POL-000201,Edwards Group,Cyber,Pending Renewal,2023-07-01,2024-06-30,100000,25000,"Cyber Extension, Windstorm Coverage, Business Interruption",Flood Exclusion,Shane Hoffman,Gonzales PLC,Low,restricted,underwriting_platform,2023-06-27T15:49:59.133361,2024-06-06T15:49:59.133361,underwriter_001,underwriter_002
POL-000202,"Le, Nunez and Moore",Cyber,Cancelled,2023-12-08,2024-12-07,1000000,10000,"Equipment Breakdown, Cyber Extension, Flood Coverage","Flood Exclusion, War Exclusion",Wendy Gordon,"Carpenter, Kim and Ray",High,internal,broker_submission_portal,2023-11-09T15:49:59.133361,2024-11-18T15:49:59.133361,underwriter_001,underwriter_002
POL-000203,Greer PLC,Umbrella,Cancelled,2024-08-09,2025-08-09,250000,1000,"Equipment Breakdown, Business Interruption",Cyber Exclusion,Jeremy Hoover,"Thornton, Jenkins and King",High,confidential,broker_submission_portal,2024-08-07T15:49:59.133361,2025-06-11T15:49:59.133361,uw_manager_001,underwriter_001
POL-000204,Hampton-Stevens,General Liability,Pending Renewal,2023-09-17,2024-09-16,5000000,1000,Windstorm Coverage,Flood Exclusion,Charlotte Daniel,"Perkins, Gallagher and Jordan",High,restricted,underwriting_platform,2023-09-08T15:49:59.134361,2024-07-28T15:49:59.134361,underwriter_001,underwriter_002
POL-000205,Mullen-Valenzuela,General Liability,Cancelled,2026-02-07,2027-02-07,500000,10000,"Earthquake Endorsement, Equipment Breakdown","War Exclusion, Terrorism Exclusion",Angela Bell,"Berger, Thomas and Lee",Low,internal,broker_submission_portal,2026-01-17T15:49:59.134361,2026-12-11T15:49:59.134361,uw_manager_001,uw_manager_001
POL-000206,"Harmon, Berg and Hayes",Commercial Auto,Pending Renewal,2023-10-26,2024-10-25,500000,2500,Windstorm Coverage,"Terrorism Exclusion, Cyber Exclusion",Todd Dunn,Russo Group,High,confidential,policy_admin_system,2023-10-13T15:49:59.134361,2024-09-09T15:49:59.134361,underwriter_001,uw_manager_001
POL-000207,Davis Group,Commercial Property,Pending Renewal,2023-09-12,2024-09-11,500000,25000,"Cyber Extension, Business Interruption","Cyber Exclusion, Mold Exclusion",Steven Hayes,Carson-Edwards,High,restricted,broker_submission_portal,2023-08-18T15:49:59.134361,2024-09-04T15:49:59.134361,underwriter_002,underwriter_001
POL-000208,"Silva, Tyler and Miller",Workers Compensation,Cancelled,2024-08-01,2025-08-01,5000000,10000,"Cyber Extension, Windstorm Coverage","Mold Exclusion, War Exclusion",James Caldwell,"Clark, Schwartz and Lee",High,internal,broker_submission_portal,2024-07-21T15:49:59.135361,2025-07-17T15:49:59.135361,underwriter_001,underwriter_002
POL-000209,"Stewart, Morgan and Robinson",Workers Compensation,Pending Renewal,2023-08-19,2024-08-18,250000,25000,"Earthquake Endorsement, Windstorm Coverage","Cyber Exclusion, War Exclusion",Rachel Collins,Torres-White,High,internal,broker_submission_portal,2023-08-14T15:49:59.135361,2024-07-05T15:49:59.135361,uw_manager_001,uw_manager_001
POL-000210,Campbell-Edwards,Commercial Auto,Active,2024-05-18,2025-05-18,5000000,25000,"Equipment Breakdown, Flood Coverage",Flood Exclusion,Zachary Roman,"Edwards, Mcdonald and Craig",Medium,restricted,underwriting_platform,2024-05-16T15:49:59.135361,2025-04-16T15:49:59.135361,uw_manager_001,uw_manager_001
POL-000211,"Harris, Gates and Payne",Commercial Auto,Active,2023-11-09,2024-11-08,1000000,10000,Flood Coverage,"Mold Exclusion, Terrorism Exclusion",Betty Thompson,"Camacho, Mccann and Chavez",High,restricted,policy_admin_system,2023-10-16T15:49:59.136361,2024-09-13T15:49:59.136361,uw_manager_001,underwriter_002
POL-000212,Snyder PLC,Commercial Property,Cancelled,2025-07-24,2026-07-24,100000,5000,"Earthquake Endorsement, Flood Coverage",Terrorism Exclusion,Paul Barnes,Mahoney-Snyder,High,internal,broker_submission_portal,2025-07-23T15:49:59.136361,2026-06-09T15:49:59.136361,underwriter_001,underwriter_002
POL-000213,Webb LLC,Workers Compensation,Cancelled,2023-09-23,2024-09-22,500000,2500,"Business Interruption, Earthquake Endorsement","Cyber Exclusion, War Exclusion",Kevin Perez,"Walker, Martinez and Brewer",High,confidential,policy_admin_system,2023-08-30T15:49:59.136361,2024-09-10T15:49:59.136361,underwriter_001,underwriter_001
POL-000214,Griffin-Morris,Umbrella,Pending Renewal,2023-07-28,2024-07-27,100000,10000,"Earthquake Endorsement, Business Interruption","War Exclusion, Flood Exclusion",Elizabeth Jackson,Jacobson-Anderson,High,confidential,broker_submission_portal,2023-07-03T15:49:59.137361,2024-06-01T15:49:59.137361,underwriter_002,uw_manager_001
POL-000215,"Roberts, Pierce and Torres",Commercial Auto,Expired,2026-04-25,2027-04-25,5000000,10000,"Equipment Breakdown, Earthquake Endorsement, Cyber Extension",Terrorism Exclusion,Barbara Martinez,Jones Ltd,Medium,internal,underwriting_platform,2026-04-11T15:49:59.137361,2027-02-27T15:49:59.137361,underwriter_001,underwriter_001
POL-000216,Thornton LLC,Umbrella,Pending Renewal,2026-03-27,2027-03-27,500000,25000,Windstorm Coverage,War Exclusion,Scott Hoffman,Ward PLC,Low,confidential,policy_admin_system,2026-03-25T15:49:59.137361,2027-01-27T15:49:59.137361,underwriter_002,underwriter_002
POL-000217,Mccarty-Harris,Commercial Property,Cancelled,2024-08-05,2025-08-05,500000,10000,"Windstorm Coverage, Business Interruption, Flood Coverage","War Exclusion, Mold Exclusion",Laura Parsons,"Miller, Green and Harris",High,confidential,underwriting_platform,2024-07-24T15:49:59.138361,2025-06-20T15:49:59.138361,underwriter_002,underwriter_001
POL-000218,Martinez-Jones,Umbrella,Expired,2024-08-12,2025-08-12,5000000,5000,"Windstorm Coverage, Cyber Extension",Flood Exclusion,Michael Kaufman,Hicks-Wade,Medium,internal,underwriting_platform,2024-07-15T15:49:59.138361,2025-06-23T15:49:59.138361,underwriter_002,uw_manager_001
POL-000219,"Bell, Norton and Williams",Workers Compensation,Expired,2024-12-22,2025-12-22,5000000,10000,Windstorm Coverage,"Mold Exclusion, War Exclusion",Bruce Bray,Obrien Inc,High,internal,policy_admin_system,2024-12-21T15:49:59.138361,2025-11-28T15:49:59.138361,underwriter_002,underwriter_002
POL-000220,Estrada-Lopez,Workers Compensation,Expired,2023-05-11,2024-05-10,500000,25000,"Earthquake Endorsement, Cyber Extension","War Exclusion, Cyber Exclusion",Jessica Baker,Smith Inc,Medium,confidential,policy_admin_system,2023-04-12T15:49:59.138361,2024-05-01T15:49:59.138361,underwriter_002,underwriter_002
POL-000221,Sanchez-Mcdonald,Cyber,Active,2026-03-07,2027-03-07,100000,5000,"Flood Coverage, Cyber Extension",Cyber Exclusion,Donald Cook,Bowman-Johnson,Low,confidential,broker_submission_portal,2026-02-10T15:49:59.139559,2027-01-19T15:49:59.139559,underwriter_001,underwriter_002
POL-000222,Fuller LLC,General Liability,Cancelled,2024-09-16,2025-09-16,5000000,5000,Windstorm Coverage,"Cyber Exclusion, War Exclusion",Carol Freeman,Rose-Roman,Medium,internal,broker_submission_portal,2024-09-08T15:49:59.139559,2025-08-08T15:49:59.139559,underwriter_002,uw_manager_001
POL-000223,"Jones, Manning and Taylor",Commercial Auto,Cancelled,2024-01-12,2025-01-11,1000000,1000,Business Interruption,"Flood Exclusion, Mold Exclusion",Robert Ferguson,Simon PLC,Medium,internal,policy_admin_system,2023-12-15T15:49:59.140554,2025-01-02T15:49:59.140554,uw_manager_001,underwriter_002
POL-000224,Reilly-Young,Workers Compensation,Cancelled,2025-03-12,2026-03-12,500000,5000,Windstorm Coverage,Cyber Exclusion,Mary James,"Haney, Garcia and Atkins",High,confidential,underwriting_platform,2025-02-17T15:49:59.140554,2026-01-25T15:49:59.140554,underwriter_001,underwriter_002
POL-000225,"Thompson, Williams and Potter",Cyber,Expired,2026-05-05,2027-05-05,1000000,5000,"Earthquake Endorsement, Windstorm Coverage, Cyber Extension",Flood Exclusion,Michael Simpson,"Stewart, Fisher and Morgan",High,internal,broker_submission_portal,2026-05-02T15:49:59.140554,2027-03-30T15:49:59.140554,uw_manager_001,underwriter_001
POL-000226,Erickson-Hernandez,Umbrella,Cancelled,2023-03-11,2024-03-10,5000000,2500,"Cyber Extension, Business Interruption","Cyber Exclusion, Flood Exclusion",Karen Roberts,Cook-Cooke,High,restricted,underwriting_platform,2023-03-04T15:49:59.141549,2024-02-19T15:49:59.141549,underwriter_001,underwriter_002
POL-000227,"Bauer, Jones and Campbell",Commercial Auto,Active,2026-04-01,2027-04-01,1000000,1000,"Earthquake Endorsement, Business Interruption, Cyber Extension",Flood Exclusion,Scott Kim,Cunningham Group,Medium,internal,underwriting_platform,2026-03-30T15:49:59.141549,2027-03-06T15:49:59.141549,uw_manager_001,underwriter_001
POL-000228,"Thomas, Brooks and Jensen",Commercial Auto,Expired,2023-07-06,2024-07-05,500000,5000,"Earthquake Endorsement, Business Interruption, Cyber Extension",Terrorism Exclusion,James Hoffman,"Cooke, Brown and Fleming",Low,restricted,underwriting_platform,2023-06-14T15:49:59.141549,2024-05-26T15:49:59.141549,underwriter_002,underwriter_002
POL-000229,Perry-Torres,Umbrella,Pending Renewal,2023-07-25,2024-07-24,500000,2500,"Earthquake Endorsement, Cyber Extension","War Exclusion, Cyber Exclusion",Julie Kaufman,"Cox, Paul and Mejia",Low,confidential,policy_admin_system,2023-06-30T15:49:59.142549,2024-05-30T15:49:59.142549,underwriter_002,uw_manager_001
POL-000230,"Washington, Graves and Goodwin",Cyber,Cancelled,2024-09-26,2025-09-26,250000,5000,"Cyber Extension, Flood Coverage",Terrorism Exclusion,Jennifer Tran DDS,"Randall, Gilbert and Howard",High,confidential,policy_admin_system,2024-09-20T15:49:59.142549,2025-09-13T15:49:59.142549,underwriter_002,uw_manager_001
POL-000231,"Larson, Perez and Holloway",Commercial Auto,Pending Renewal,2023-11-08,2024-11-07,100000,2500,"Equipment Breakdown, Flood Coverage","Cyber Exclusion, War Exclusion",Karla Robinson,"Jackson, Bennett and Greene",High,restricted,policy_admin_system,2023-10-09T15:49:59.142549,2024-09-16T15:49:59.142549,uw_manager_001,uw_manager_001
POL-000232,Crawford-Bridges,Umbrella,Active,2024-09-28,2025-09-28,500000,2500,Windstorm Coverage,Cyber Exclusion,Angelica Cohen,Cobb Ltd,High,internal,broker_submission_portal,2024-09-26T15:49:59.143549,2025-09-15T15:49:59.143549,underwriter_002,underwriter_001
POL-000233,Duran LLC,Workers Compensation,Active,2023-09-14,2024-09-13,1000000,10000,Flood Coverage,Terrorism Exclusion,Evan Clark,Ward LLC,High,restricted,underwriting_platform,2023-09-02T15:49:59.143549,2024-09-05T15:49:59.143549,underwriter_002,underwriter_001
POL-000234,"Ellis, Smith and Greene",General Liability,Pending Renewal,2025-06-17,2026-06-17,100000,25000,"Business Interruption, Equipment Breakdown, Cyber Extension","Terrorism Exclusion, Flood Exclusion",Ian White,Bird-Dunn,Medium,confidential,broker_submission_portal,2025-06-13T15:49:59.143549,2026-04-24T15:49:59.143549,uw_manager_001,uw_manager_001
POL-000235,Figueroa-Smith,Commercial Auto,Expired,2025-12-06,2026-12-06,250000,10000,"Windstorm Coverage, Cyber Extension, Flood Coverage",Flood Exclusion,William Dunn,"White, Greer and Silva",High,internal,policy_admin_system,2025-11-07T15:49:59.144549,2026-11-12T15:49:59.144549,underwriter_001,uw_manager_001
POL-000236,Castro-Meyer,Workers Compensation,Active,2025-12-29,2026-12-29,5000000,2500,Cyber Extension,"Cyber Exclusion, Mold Exclusion",Matthew Beck,Rodriguez-Padilla,High,confidential,policy_admin_system,2025-11-29T15:49:59.144549,2026-11-12T15:49:59.144549,underwriter_002,underwriter_001
POL-000237,Diaz-Hicks,Umbrella,Pending Renewal,2023-02-12,2024-02-12,250000,1000,"Cyber Extension, Earthquake Endorsement, Business Interruption",Mold Exclusion,Bridget Harris,"Andrews, Henderson and Mason",High,restricted,policy_admin_system,2023-01-23T15:49:59.144549,2023-12-25T15:49:59.144549,underwriter_001,uw_manager_001
POL-000238,Moore Inc,Commercial Property,Cancelled,2024-08-09,2025-08-09,1000000,10000,"Business Interruption, Cyber Extension, Equipment Breakdown","War Exclusion, Terrorism Exclusion",Samuel Gilbert,Robbins PLC,High,restricted,broker_submission_portal,2024-07-17T15:49:59.144549,2025-06-15T15:49:59.144549,underwriter_001,underwriter_002
POL-000239,Hendrix-Porter,Commercial Property,Cancelled,2024-07-29,2025-07-29,500000,5000,Flood Coverage,Terrorism Exclusion,Robert Taylor Jr.,Butler LLC,Medium,restricted,underwriting_platform,2024-07-20T15:49:59.145549,2025-06-25T15:49:59.145549,underwriter_002,uw_manager_001
POL-000240,"Rodriguez, Burns and Arnold",Workers Compensation,Expired,2024-06-21,2025-06-21,500000,5000,Flood Coverage,Terrorism Exclusion,Michael Frazier,"Gilmore, Hall and Murphy",High,restricted,underwriting_platform,2024-05-23T15:49:59.145549,2025-06-17T15:49:59.145549,underwriter_002,underwriter_001
POL-000241,"Kline, Robles and Manning",Commercial Auto,Pending Renewal,2025-12-11,2026-12-11,100000,1000,"Earthquake Endorsement, Flood Coverage","Flood Exclusion, Terrorism Exclusion",Jessica Young,Ritter PLC,Low,restricted,broker_submission_portal,2025-11-14T15:49:59.145549,2026-11-15T15:49:59.145549,underwriter_002,underwriter_002
POL-000242,Trujillo Ltd,Commercial Auto,Active,2025-09-02,2026-09-02,5000000,5000,Earthquake Endorsement,"Terrorism Exclusion, Cyber Exclusion",Aaron Reed,Clark and Sons,Low,confidential,policy_admin_system,2025-09-01T15:49:59.146549,2026-08-06T15:49:59.146549,underwriter_002,underwriter_001
POL-000243,"Delgado, Lawson and Trujillo",Workers Compensation,Expired,2023-02-03,2024-02-03,5000000,2500,"Equipment Breakdown, Flood Coverage, Earthquake Endorsement","Terrorism Exclusion, War Exclusion",Matthew Ross,Bennett Inc,Low,restricted,underwriting_platform,2023-01-04T15:49:59.146549,2024-01-29T15:49:59.146549,uw_manager_001,uw_manager_001
POL-000244,Anderson Inc,General Liability,Expired,2026-01-18,2027-01-18,1000000,5000,Cyber Extension,Mold Exclusion,Leslie Harper,Wright Inc,Low,confidential,policy_admin_system,2025-12-23T15:49:59.146549,2027-01-06T15:49:59.146549,underwriter_002,uw_manager_001
POL-000245,Ward PLC,Umbrella,Expired,2023-12-13,2024-12-12,5000000,5000,"Equipment Breakdown, Cyber Extension, Earthquake Endorsement","Mold Exclusion, Flood Exclusion",Martin Horton,Baker-Howard,Low,internal,broker_submission_portal,2023-11-22T15:49:59.146549,2024-12-09T15:49:59.146549,uw_manager_001,uw_manager_001
POL-000246,Edwards-Jones,Commercial Auto,Cancelled,2023-03-09,2024-03-08,5000000,5000,Cyber Extension,War Exclusion,John Mcdonald,Hamilton-Cole,High,confidential,policy_admin_system,2023-02-19T15:49:59.147549,2024-03-03T15:49:59.147549,underwriter_002,uw_manager_001
POL-000247,"Rodriguez, Thomas and Roberts",Umbrella,Cancelled,2023-10-23,2024-10-22,500000,1000,Flood Coverage,Flood Exclusion,Sarah Huang,"Carr, Wood and Rodriguez",Low,internal,broker_submission_portal,2023-10-18T15:49:59.147549,2024-10-05T15:49:59.147549,uw_manager_001,underwriter_002
POL-000248,Randall-Smith,Commercial Auto,Cancelled,2025-02-04,2026-02-04,100000,1000,Flood Coverage,Cyber Exclusion,Kevin Archer,"Herrera, Flores and Shah",Medium,confidential,policy_admin_system,2025-01-20T15:49:59.147549,2026-01-01T15:49:59.147549,underwriter_002,underwriter_002
POL-000249,Boyer Inc,Commercial Property,Active,2024-12-16,2025-12-16,500000,1000,Business Interruption,Mold Exclusion,Samantha Williams,Shea-Potter,Low,confidential,underwriting_platform,2024-12-13T15:49:59.148549,2025-11-20T15:49:59.148549,underwriter_001,uw_manager_001
POL-000250,"Lang, Dodson and Gonzalez",Cyber,Cancelled,2023-05-20,2024-05-19,100000,5000,"Windstorm Coverage, Earthquake Endorsement, Flood Coverage",Terrorism Exclusion,Jessica Gay,Parrish-Weaver,Medium,restricted,underwriting_platform,2023-04-27T15:49:59.148549,2024-04-02T15:49:59.148549,underwriter_002,uw_manager_001
POL-000251,Hayes PLC,Cyber,Pending Renewal,2026-01-20,2027-01-20,500000,25000,Business Interruption,"Flood Exclusion, Mold Exclusion",Edward Pope,Ortiz Group,High,confidential,policy_admin_system,2025-12-22T15:49:59.148549,2026-12-04T15:49:59.148549,underwriter_001,underwriter_001
POL-000252,Roberts and Sons,Workers Compensation,Cancelled,2023-01-30,2024-01-30,1000000,2500,"Flood Coverage, Cyber Extension","Mold Exclusion, War Exclusion",Todd Smith,Cooper-Ross,High,restricted,underwriting_platform,2023-01-22T15:49:59.148549,2024-01-29T15:49:59.148549,underwriter_002,uw_manager_001
POL-000253,"Brooks, Davies and Mckenzie",Workers Compensation,Cancelled,2026-01-03,2027-01-03,500000,5000,Business Interruption,"Terrorism Exclusion, Cyber Exclusion",Susan Roberts,Diaz-Rowland,Medium,internal,policy_admin_system,2025-12-28T15:49:59.149549,2026-11-24T15:49:59.149549,uw_manager_001,uw_manager_001
POL-000254,Salazar-Martin,Umbrella,Expired,2025-08-09,2026-08-09,1000000,10000,"Cyber Extension, Flood Coverage",Mold Exclusion,Jose Davis,Good-Rice,High,confidential,policy_admin_system,2025-07-25T15:49:59.149549,2026-07-24T15:49:59.149549,uw_manager_001,underwriter_001
POL-000255,Choi-Newton,Commercial Property,Expired,2023-08-18,2024-08-17,500000,2500,"Flood Coverage, Equipment Breakdown, Windstorm Coverage","Mold Exclusion, War Exclusion",Amanda Hendrix,"Meza, Franco and Wright",Low,internal,broker_submission_portal,2023-08-05T15:49:59.149549,2024-06-18T15:49:59.149549,underwriter_001,underwriter_001
POL-000256,"Marshall, Sanchez and Reilly",Commercial Auto,Expired,2025-10-11,2026-10-11,250000,5000,Earthquake Endorsement,Cyber Exclusion,Deanna Morrow,"Williams, Bush and Hampton",Low,internal,policy_admin_system,2025-09-15T15:49:59.149549,2026-10-03T15:49:59.149549,uw_manager_001,underwriter_001
POL-000257,Miller Inc,Umbrella,Expired,2023-12-24,2024-12-23,1000000,1000,"Earthquake Endorsement, Flood Coverage, Equipment Breakdown","War Exclusion, Cyber Exclusion",Devon Bowman,"Herrera, Garrett and Fuller",High,confidential,broker_submission_portal,2023-12-23T15:49:59.150549,2024-12-04T15:49:59.150549,underwriter_001,underwriter_002
POL-000258,Jones-Vincent,Workers Compensation,Expired,2025-02-19,2026-02-19,250000,2500,"Earthquake Endorsement, Equipment Breakdown","Mold Exclusion, Terrorism Exclusion",John Martin,"Ayala, Bridges and Yoder",High,restricted,policy_admin_system,2025-02-02T15:49:59.150549,2026-01-22T15:49:59.150549,uw_manager_001,underwriter_002
POL-000259,Clarke and Sons,Cyber,Pending Renewal,2023-04-22,2024-04-21,1000000,2500,Earthquake Endorsement,"Cyber Exclusion, War Exclusion",Hannah Marshall,Munoz-Johnson,Medium,restricted,broker_submission_portal,2023-04-03T15:49:59.150549,2024-02-21T15:49:59.150549,uw_manager_001,underwriter_002
POL-000260,"Larson, Ramirez and Peters",Workers Compensation,Cancelled,2024-08-27,2025-08-27,1000000,1000,"Business Interruption, Flood Coverage",Flood Exclusion,Audrey Scott,Allen and Sons,Low,confidential,policy_admin_system,2024-08-13T15:49:59.151549,2025-08-13T15:49:59.151549,underwriter_002,underwriter_001
POL-000261,"Archer, Delgado and Reyes",General Liability,Cancelled,2023-11-26,2024-11-25,5000000,25000,"Flood Coverage, Windstorm Coverage",Flood Exclusion,Andrew Nixon,"Lopez, Bailey and Baker",Low,restricted,underwriting_platform,2023-11-07T15:49:59.151549,2024-10-08T15:49:59.151549,underwriter_001,uw_manager_001
POL-000262,Curtis-Valenzuela,Workers Compensation,Pending Renewal,2023-12-28,2024-12-27,500000,25000,"Equipment Breakdown, Flood Coverage, Cyber Extension","Flood Exclusion, Terrorism Exclusion",Jodi Luna,"Kennedy, Green and Gould",Low,internal,policy_admin_system,2023-12-11T15:49:59.151549,2024-12-08T15:49:59.151549,uw_manager_001,underwriter_002
POL-000263,Tyler Inc,Commercial Auto,Active,2026-01-27,2027-01-27,500000,1000,"Flood Coverage, Business Interruption, Equipment Breakdown","Cyber Exclusion, Terrorism Exclusion",Lacey Davis,"Hester, Boyle and Taylor",Low,internal,broker_submission_portal,2026-01-25T15:49:59.152549,2026-12-25T15:49:59.152549,underwriter_002,uw_manager_001
POL-000264,King Ltd,Commercial Property,Active,2026-01-30,2027-01-30,100000,2500,"Business Interruption, Earthquake Endorsement, Flood Coverage","War Exclusion, Flood Exclusion",Taylor Roberson,Gutierrez Group,Medium,confidential,broker_submission_portal,2026-01-17T15:49:59.152549,2026-12-30T15:49:59.152549,underwriter_002,underwriter_002
POL-000265,"Strickland, Greer and Williams",Workers Compensation,Pending Renewal,2023-02-20,2024-02-20,5000000,5000,Windstorm Coverage,"Mold Exclusion, War Exclusion",Jessica Mclaughlin,Gill-Harper,High,internal,broker_submission_portal,2023-02-11T15:49:59.152549,2024-01-16T15:49:59.152549,underwriter_002,underwriter_002
POL-000266,Martin Inc,Umbrella,Cancelled,2024-08-12,2025-08-12,100000,10000,Business Interruption,War Exclusion,Scott Reeves,"Jackson, Wise and Kim",Low,internal,broker_submission_portal,2024-07-18T15:49:59.153548,2025-07-06T15:49:59.153548,underwriter_002,underwriter_002
POL-000267,Harrison-Roberts,Cyber,Active,2025-11-24,2026-11-24,1000000,2500,Earthquake Endorsement,"Flood Exclusion, Cyber Exclusion",Roger Walton,"Clark, Hernandez and Khan",High,restricted,policy_admin_system,2025-11-17T15:49:59.153548,2026-10-14T15:49:59.153548,underwriter_001,underwriter_002
POL-000268,Townsend-Macdonald,General Liability,Active,2023-05-23,2024-05-22,5000000,1000,"Flood Coverage, Windstorm Coverage, Business Interruption",Cyber Exclusion,Jessica Cook,"Marquez, Phillips and Brown",High,confidential,broker_submission_portal,2023-04-24T15:49:59.153548,2024-05-14T15:49:59.153548,underwriter_002,underwriter_002
POL-000269,Stewart-Perez,Umbrella,Expired,2023-08-20,2024-08-19,1000000,10000,Business Interruption,War Exclusion,Geoffrey Hurst,"Evans, Hess and Jordan",High,restricted,policy_admin_system,2023-07-31T15:49:59.154549,2024-07-04T15:49:59.154549,uw_manager_001,uw_manager_001
POL-000270,Diaz-Barnes,Cyber,Active,2026-01-27,2027-01-27,5000000,2500,Equipment Breakdown,"Flood Exclusion, Mold Exclusion",Jessica Alvarado,Ward and Sons,High,confidential,policy_admin_system,2026-01-15T15:49:59.154549,2026-12-01T15:49:59.154549,underwriter_001,underwriter_001
POL-000271,Anderson Group,Workers Compensation,Cancelled,2025-03-08,2026-03-08,250000,5000,"Earthquake Endorsement, Cyber Extension",Terrorism Exclusion,Judy Sanders,Martinez LLC,Low,internal,policy_admin_system,2025-02-06T15:49:59.155175,2026-01-15T15:49:59.155175,uw_manager_001,underwriter_001
POL-000272,"Johnson, Chen and Thompson",Cyber,Active,2023-05-03,2024-05-02,500000,2500,"Cyber Extension, Flood Coverage","Flood Exclusion, Terrorism Exclusion",Allison Cohen,"Hunt, Collins and Jackson",Low,restricted,underwriting_platform,2023-04-26T15:49:59.155175,2024-04-14T15:49:59.155175,uw_manager_001,underwriter_002
POL-000273,Munoz Inc,General Liability,Expired,2023-07-09,2024-07-08,500000,25000,Cyber Extension,Cyber Exclusion,Marc Davis,Mcdowell-Smith,High,restricted,policy_admin_system,2023-07-03T15:49:59.155175,2024-06-27T15:49:59.155175,uw_manager_001,underwriter_001
POL-000274,Warren-Garcia,Workers Compensation,Active,2024-12-15,2025-12-15,1000000,25000,"Equipment Breakdown, Cyber Extension","Mold Exclusion, Cyber Exclusion",Matthew Adams,Chavez-Smith,Low,internal,broker_submission_portal,2024-12-09T15:49:59.155175,2025-11-22T15:49:59.155175,underwriter_001,underwriter_002
POL-000275,"Brown, Roach and Johnson",Commercial Auto,Cancelled,2025-05-14,2026-05-14,250000,25000,"Flood Coverage, Earthquake Endorsement",Cyber Exclusion,Mark Lee,Hill-Smith,Low,restricted,underwriting_platform,2025-04-16T15:49:59.156358,2026-04-19T15:49:59.156358,underwriter_001,underwriter_002
POL-000276,"Aguilar, Stewart and Robinson",Cyber,Active,2024-08-02,2025-08-02,1000000,1000,Earthquake Endorsement,Flood Exclusion,Kevin Taylor,"Martinez, Sheppard and Scott",High,confidential,broker_submission_portal,2024-07-12T15:49:59.156358,2025-06-16T15:49:59.156358,underwriter_001,underwriter_002
POL-000277,"Combs, Wood and Payne",Cyber,Expired,2025-01-27,2026-01-27,5000000,5000,"Equipment Breakdown, Earthquake Endorsement","Flood Exclusion, War Exclusion",James French,Reese PLC,High,confidential,policy_admin_system,2025-01-07T15:49:59.157365,2025-12-16T15:49:59.157365,underwriter_002,uw_manager_001
POL-000278,Bell-Gray,Umbrella,Pending Renewal,2026-03-10,2027-03-10,500000,1000,"Business Interruption, Flood Coverage, Cyber Extension",Flood Exclusion,Steven Dixon,"Johnson, Cox and Lewis",Low,confidential,broker_submission_portal,2026-02-11T15:49:59.157365,2027-01-12T15:49:59.157365,underwriter_002,uw_manager_001
POL-000279,"Mccoy, Brown and Munoz",Cyber,Cancelled,2025-12-29,2026-12-29,250000,10000,"Business Interruption, Cyber Extension, Flood Coverage",Terrorism Exclusion,Alison Krueger,Smith Group,High,internal,broker_submission_portal,2025-12-06T15:49:59.157365,2026-11-10T15:49:59.157365,underwriter_001,uw_manager_001
POL-000280,Stanton Inc,Workers Compensation,Cancelled,2023-04-05,2024-04-04,100000,25000,"Earthquake Endorsement, Business Interruption, Flood Coverage",War Exclusion,David Good,Powell-Mayo,Low,internal,underwriting_platform,2023-03-23T15:49:59.157365,2024-03-13T15:49:59.157365,underwriter_001,underwriter_001
POL-000281,"Costa, Mullen and Ibarra",Workers Compensation,Expired,2023-05-19,2024-05-18,500000,10000,"Windstorm Coverage, Flood Coverage",Flood Exclusion,Jasmine Collier,"Acosta, White and Collins",High,confidential,underwriting_platform,2023-05-08T15:49:59.158357,2024-04-19T15:49:59.158357,underwriter_002,underwriter_002
POL-000282,"Smith, Miles and Moore",Umbrella,Cancelled,2025-05-15,2026-05-15,1000000,25000,"Equipment Breakdown, Flood Coverage, Business Interruption","War Exclusion, Flood Exclusion",Laurie Baldwin,Hardy LLC,Low,restricted,policy_admin_system,2025-05-09T15:49:59.158357,2026-04-13T15:49:59.158357,underwriter_001,underwriter_001
POL-000283,Thomas PLC,Cyber,Active,2024-06-19,2025-06-19,250000,5000,"Equipment Breakdown, Flood Coverage",Cyber Exclusion,Elizabeth Strickland,"Hall, Haynes and Young",High,internal,broker_submission_portal,2024-05-24T15:49:59.158357,2025-06-07T15:49:59.158357,underwriter_001,uw_manager_001
POL-000284,Rose LLC,Commercial Property,Expired,2025-10-21,2026-10-21,100000,2500,"Business Interruption, Cyber Extension, Earthquake Endorsement",Mold Exclusion,Sean Bell,Barker LLC,High,restricted,broker_submission_portal,2025-10-06T15:49:59.159361,2026-09-28T15:49:59.159361,uw_manager_001,underwriter_002
POL-000285,Wells LLC,Cyber,Pending Renewal,2023-10-14,2024-10-13,250000,25000,"Cyber Extension, Earthquake Endorsement",Cyber Exclusion,Sheena Turner,Johnson Group,Medium,restricted,broker_submission_portal,2023-09-15T15:49:59.159361,2024-10-10T15:49:59.159361,uw_manager_001,underwriter_001
POL-000286,Brown-Pennington,Cyber,Pending Renewal,2026-01-27,2027-01-27,500000,1000,"Cyber Extension, Equipment Breakdown",Terrorism Exclusion,Ronald Hawkins,Daniels-Richards,Medium,confidential,policy_admin_system,2025-12-28T15:49:59.159361,2026-12-16T15:49:59.159361,underwriter_002,uw_manager_001
POL-000287,Taylor-Anderson,Umbrella,Expired,2025-04-29,2026-04-29,1000000,25000,"Equipment Breakdown, Business Interruption",War Exclusion,Garrett Jones,"Mitchell, Hall and Cole",Medium,restricted,underwriting_platform,2025-04-13T15:49:59.159361,2026-03-31T15:49:59.159361,underwriter_002,underwriter_001
POL-000288,"Hartman, Stewart and Serrano",Umbrella,Active,2023-10-08,2024-10-07,5000000,1000,"Flood Coverage, Equipment Breakdown, Windstorm Coverage",Cyber Exclusion,Latoya Gonzalez,Sellers-White,Low,confidential,broker_submission_portal,2023-09-18T15:49:59.160366,2024-09-08T15:49:59.160366,underwriter_002,underwriter_002
POL-000289,"Smith, Farrell and Jackson",Workers Compensation,Active,2023-11-22,2024-11-21,500000,1000,Business Interruption,Terrorism Exclusion,John Murphy,"Cunningham, Marshall and Morgan",Medium,confidential,underwriting_platform,2023-10-30T15:49:59.160366,2024-10-03T15:49:59.160366,uw_manager_001,underwriter_001
POL-000290,"Carlson, Watts and Merritt",Commercial Auto,Active,2025-05-31,2026-05-31,1000000,2500,Windstorm Coverage,"Mold Exclusion, War Exclusion",Donald Watts,"Smith, Long and Anderson",Low,confidential,broker_submission_portal,2025-05-16T15:49:59.161357,2026-05-21T15:49:59.161357,underwriter_002,underwriter_001
POL-000291,"Cox, Williams and Haynes",Commercial Auto,Active,2025-08-20,2026-08-20,1000000,25000,Flood Coverage,Terrorism Exclusion,Michael Santiago,"Romero, Bates and Goodwin",Low,confidential,policy_admin_system,2025-07-25T15:49:59.161357,2026-07-04T15:49:59.161357,uw_manager_001,uw_manager_001
POL-000292,Alvarez-White,Commercial Property,Cancelled,2024-09-23,2025-09-23,5000000,1000,"Flood Coverage, Earthquake Endorsement","Mold Exclusion, War Exclusion",David Christensen,Johnson-Baker,Low,internal,underwriting_platform,2024-08-24T15:49:59.161357,2025-09-12T15:49:59.161357,uw_manager_001,underwriter_001
POL-000293,Martin-Leblanc,Workers Compensation,Pending Renewal,2026-02-25,2027-02-25,1000000,25000,"Earthquake Endorsement, Cyber Extension, Business Interruption",Cyber Exclusion,Michael Robles,"Herrera, Hernandez and Mcbride",High,restricted,policy_admin_system,2026-02-12T15:49:59.162356,2027-01-29T15:49:59.162356,underwriter_002,uw_manager_001
POL-000294,"Ball, Wilson and Martin",Commercial Auto,Active,2023-10-09,2024-10-08,100000,2500,Earthquake Endorsement,Terrorism Exclusion,Patricia James,Santiago and Sons,Medium,internal,underwriting_platform,2023-10-05T15:49:59.162356,2024-08-26T15:49:59.162356,uw_manager_001,underwriter_001
POL-000295,"White, Jenkins and Douglas",Commercial Property,Active,2025-01-21,2026-01-21,100000,10000,Business Interruption,Terrorism Exclusion,Samantha Bryant,Smith-Owens,Medium,internal,underwriting_platform,2025-01-03T15:49:59.162356,2025-12-23T15:49:59.162356,underwriter_002,underwriter_002
POL-000296,Gomez Group,Umbrella,Pending Renewal,2024-01-02,2025-01-01,1000000,2500,"Cyber Extension, Earthquake Endorsement, Equipment Breakdown","War Exclusion, Mold Exclusion",Jennifer Peterson,Dean Group,Low,internal,broker_submission_portal,2023-12-23T15:49:59.163355,2024-11-14T15:49:59.163355,underwriter_002,underwriter_002
POL-000297,"Murray, Butler and Mccoy",Commercial Property,Active,2024-03-15,2025-03-15,250000,2500,"Earthquake Endorsement, Equipment Breakdown",Mold Exclusion,Linda Blake,"Allen, Wilson and Mcdaniel",Low,internal,policy_admin_system,2024-03-07T15:49:59.163355,2025-01-14T15:49:59.163355,uw_manager_001,uw_manager_001
POL-000298,Cohen and Sons,Umbrella,Expired,2023-05-07,2024-05-06,500000,5000,Earthquake Endorsement,Flood Exclusion,Patrick Lewis,Smith Ltd,Medium,restricted,broker_submission_portal,2023-04-13T15:49:59.163355,2024-03-07T15:49:59.163355,uw_manager_001,uw_manager_001
POL-000299,Black-Norman,Commercial Property,Pending Renewal,2023-10-26,2024-10-25,5000000,5000,"Earthquake Endorsement, Cyber Extension",Mold Exclusion,Michael Robbins,Reed-Rhodes,Low,confidential,underwriting_platform,2023-10-05T15:49:59.163355,2024-09-02T15:49:59.163355,underwriter_001,underwriter_002
POL-000300,"Carr, Henry and Henderson",Cyber,Active,2023-03-18,2024-03-17,500000,1000,Business Interruption,Flood Exclusion,James Adams,Schmidt Group,High,internal,underwriting_platform,2023-02-23T15:49:59.164355,2024-03-04T15:49:59.164355,uw_manager_001,underwriter_002
