submission_id,policy_id,insured_name,industry,state,insured_value,prior_losses,cat_zone,risk_score,risk_tier,submission_status,broker_name,broker_notes,source_system,data_sensitivity,submission_timestamp,updated_timestamp,created_by,updated_by,applicant_name,location,tiv_amount,requested_limit,deductible,catastrophe_score
SUB-000001,POL-000197,Harrison Group,Construction,CA,3716557.3,1,Wildfire / Earthquake High,80,High,Quoted,"Mcguire, Robinson and Johnson",Broker submitted updated loss runs for Construction account.,underwriting_workbench,internal,2025-08-29T15:49:59.923535,2025-10-02T15:49:59.923535,underwriter_002,underwriter_001,Harrison Group,CA,3716557.30,3716557.30,10000.00,0.82
SUB-000002,POL-000065,"Andrews, Hall and Saunders",Retail,LA,4537370.58,3,Hurricane High,70,Medium,Quoted,White-Walters,Underwriter requested additional inspection reports.,underwriting_workbench,internal,2025-10-12T15:49:59.923535,2025-11-07T15:49:59.923535,underwriter_001,underwriter_002,"Andrews, Hall and Saunders",LA,4537370.58,4537370.58,10000.00,0.55
SUB-000003,POL-000016,"Buchanan, Gomez and Palmer",Energy,OK,981527.88,5,Tornado High,90,High,New Submission,Perry-Black,Submission categorized as High risk based on exposure profile.,policy_admin_system,restricted,2025-10-12T15:49:59.923535,2025-10-31T15:49:59.923535,underwriter_002,underwriter_002,"Buchanan, Gomez and Palmer",OK,981527.88,981527.88,10000.00,0.82
SUB-000004,POL-000179,"Harrell, Rodriguez and Williams",Real Estate,OK,5040171.22,5,Tornado High,90,High,Bound,"Howell, Saunders and Chambers",Broker submitted updated loss runs for Real Estate account.,policy_admin_system,internal,2025-06-25T15:49:59.923535,2025-07-09T15:49:59.923535,underwriter_002,underwriter_001,"Harrell, Rodriguez and Williams",OK,5040171.22,5040171.22,10000.00,0.82
SUB-000005,POL-000259,"Schultz, Underwood and Hartman",Technology,NY,5062935.14,5,Low CAT,65,Medium,Quoted,Campbell Group,Broker highlighted recent operational improvements reducing risk exposure.,broker_submission_portal,confidential,2026-04-03T15:49:59.923535,2026-05-16T15:49:59.923535,underwriter_002,underwriter_002,"Schultz, Underwood and Hartman",NY,5062935.14,5062935.14,10000.00,0.55
SUB-000006,POL-000262,Branch Inc,Real Estate,CA,6884891.63,4,Wildfire / Earthquake High,80,High,In Review,Kelly-Valdez,Submission categorized as High risk based on exposure profile.,policy_admin_system,confidential,2025-10-05T15:49:59.923535,2025-11-12T15:49:59.923535,underwriter_002,underwriter_002,Branch Inc,CA,6884891.63,6884891.63,10000.00,0.82
SUB-000007,POL-000015,"Dodson, Davis and Coffey",Energy,IL,8789364.66,0,Low CAT,60,Medium,Quoted,Leonard PLC,Insured requesting competitive pricing for upcoming renewal.,broker_submission_portal,restricted,2025-06-21T15:49:59.923535,2025-07-19T15:49:59.923535,underwriter_001,underwriter_001,"Dodson, Davis and Coffey",IL,8789364.66,8789364.66,10000.00,0.55
SUB-000008,POL-000152,"Moore, Lowe and Carpenter",Construction,OK,2209965.56,4,Tornado High,90,High,Quoted,"Johnston, Yoder and Hernandez",Broker highlighted recent operational improvements reducing risk exposure.,policy_admin_system,restricted,2025-05-16T15:49:59.923535,2025-05-31T15:49:59.923535,underwriter_001,underwriter_001,"Moore, Lowe and Carpenter",OK,2209965.56,2209965.56,10000.00,0.82
SUB-000009,POL-000207,Dawson-Nelson,Hospitality,GA,9826389.15,5,Windstorm Moderate,75,High,In Review,"Robinson, Dean and Moody",Insured requesting competitive pricing for upcoming renewal.,policy_admin_system,confidential,2025-09-26T15:49:59.923535,2025-10-03T15:49:59.923535,underwriter_002,underwriter_001,Dawson-Nelson,GA,9826389.15,9826389.15,10000.00,0.82
SUB-000010,POL-000219,Taylor-Lee,Manufacturing,NY,5310464.62,6,Low CAT,85,High,Declined,Perry PLC,Broker highlighted recent operational improvements reducing risk exposure.,underwriting_workbench,restricted,2025-11-08T15:49:59.923535,2025-12-02T15:49:59.923535,underwriter_001,underwriter_001,Taylor-Lee,NY,5310464.62,5310464.62,10000.00,0.82
SUB-000011,POL-000011,Burke-Evans,Transportation,FL,7896651.13,5,Hurricane High,110,High,Declined,"Mitchell, Gonzalez and Maldonado",Broker submitted updated loss runs for Transportation account.,policy_admin_system,internal,2025-07-21T15:49:59.923535,2025-08-16T15:49:59.923535,underwriter_002,underwriter_002,Burke-Evans,FL,7896651.13,7896651.13,10000.00,0.82
SUB-000012,POL-000061,Valenzuela Inc,Technology,GA,1065101.67,5,Windstorm Moderate,65,Medium,New Submission,Rangel-Parsons,Underwriter requested additional inspection reports.,underwriting_workbench,restricted,2025-05-07T15:49:59.923535,2025-05-21T15:49:59.923535,underwriter_001,underwriter_001,Valenzuela Inc,GA,1065101.67,1065101.67,10000.00,0.55
SUB-000013,POL-000250,"Reynolds, Reid and Turner",Construction,OK,4192449.61,3,Tornado High,90,High,Declined,"Diaz, Merritt and Porter",Underwriter requested additional inspection reports.,broker_submission_portal,confidential,2025-09-21T15:49:59.923535,2025-10-26T15:49:59.923535,underwriter_002,underwriter_002,"Reynolds, Reid and Turner",OK,4192449.61,4192449.61,10000.00,0.82
SUB-000014,POL-000082,Rogers and Sons,Construction,NC,4328232.37,0,Hurricane Moderate,60,Medium,Declined,Williams-Castillo,Submission categorized as Medium risk based on exposure profile.,policy_admin_system,confidential,2025-12-20T15:49:59.923535,2025-12-30T15:49:59.923535,underwriter_002,underwriter_002,Rogers and Sons,NC,4328232.37,4328232.37,10000.00,0.55
SUB-000015,POL-000051,"Peterson, Parrish and Wagner",Technology,OK,9312293.88,0,Tornado High,65,Medium,New Submission,"Vincent, Figueroa and Smith",Broker submitted updated loss runs for Technology account.,broker_submission_portal,restricted,2026-03-27T15:49:59.923535,2026-04-27T15:49:59.923535,underwriter_002,underwriter_001,"Peterson, Parrish and Wagner",OK,9312293.88,9312293.88,10000.00,0.55
SUB-000016,POL-000290,Stout-Peterson,Energy,GA,551923.62,6,Windstorm Moderate,75,High,Quoted,"Todd, Alvarado and Wilkinson",Underwriter requested additional inspection reports.,underwriting_workbench,internal,2026-03-07T15:49:59.923535,2026-03-10T15:49:59.923535,underwriter_002,underwriter_002,Stout-Peterson,GA,551923.62,551923.62,10000.00,0.82
SUB-000017,POL-000073,Webster-Thomas,Construction,CO,5823260.55,2,Hail Moderate,75,High,Declined,"Frank, Bailey and Thomas",Underwriter requested additional inspection reports.,policy_admin_system,internal,2025-09-26T15:49:59.923535,2025-10-24T15:49:59.923535,underwriter_001,underwriter_001,Webster-Thomas,CO,5823260.55,5823260.55,10000.00,0.82
SUB-000018,POL-000068,Ward-Byrd,Retail,FL,9329949.71,6,Hurricane High,90,High,Declined,"Stewart, Day and Stafford",Insured requesting competitive pricing for upcoming renewal.,policy_admin_system,internal,2025-05-24T15:49:59.923535,2025-06-06T15:49:59.923535,underwriter_001,underwriter_002,Ward-Byrd,FL,9329949.71,9329949.71,10000.00,0.82
SUB-000019,POL-000051,Morales Ltd,Construction,GA,7194904.85,1,Windstorm Moderate,75,High,New Submission,Williams LLC,Underwriter requested additional inspection reports.,underwriting_workbench,restricted,2025-11-29T15:49:59.923535,2026-01-03T15:49:59.923535,underwriter_002,underwriter_002,Morales Ltd,GA,7194904.85,7194904.85,10000.00,0.82
SUB-000020,POL-000218,Boyer PLC,Healthcare,NC,1141027.41,7,Hurricane Moderate,65,Medium,New Submission,Byrd Inc,Broker highlighted recent operational improvements reducing risk exposure.,broker_submission_portal,internal,2025-10-08T15:49:59.923535,2025-11-06T15:49:59.923535,underwriter_002,underwriter_001,Boyer PLC,NC,1141027.41,1141027.41,10000.00,0.55
SUB-000021,POL-000126,"Shaw, Mills and White",Manufacturing,LA,9580290.39,5,Hurricane High,110,High,Quoted,Hensley-Wagner,Submission categorized as High risk based on exposure profile.,underwriting_workbench,confidential,2026-03-21T15:49:59.923535,2026-04-04T15:49:59.923535,underwriter_001,underwriter_002,"Shaw, Mills and White",LA,9580290.39,9580290.39,10000.00,0.82
SUB-000022,POL-000070,"Williams, Rose and Andrews",Manufacturing,FL,9309272.92,6,Hurricane High,110,High,Bound,Cook PLC,Underwriter requested additional inspection reports.,broker_submission_portal,internal,2025-05-26T15:49:59.923535,2025-06-10T15:49:59.923535,underwriter_002,underwriter_002,"Williams, Rose and Andrews",FL,9309272.92,9309272.92,10000.00,0.82
SUB-000023,POL-000225,"Cowan, Chan and Wood",Retail,NY,2947733.06,0,Low CAT,30,Low,New Submission,Martinez-Hunt,Submission categorized as Low risk based on exposure profile.,underwriting_workbench,internal,2025-11-29T15:49:59.923535,2025-12-16T15:49:59.923535,underwriter_001,underwriter_001,"Cowan, Chan and Wood",NY,2947733.06,2947733.06,10000.00,0.25
SUB-000024,POL-000180,Hill-Edwards,Real Estate,NC,8450090.89,0,Hurricane Moderate,50,Medium,Quoted,Odonnell-Mathis,Broker submitted updated loss runs for Real Estate account.,underwriting_workbench,internal,2026-01-17T15:49:59.938687,2026-01-22T15:49:59.938687,underwriter_002,underwriter_002,Hill-Edwards,NC,8450090.89,8450090.89,10000.00,0.55
SUB-000025,POL-000129,Spencer-Richards,Construction,CA,1654729.56,4,Wildfire / Earthquake High,90,High,In Review,Novak and Sons,Submission categorized as High risk based on exposure profile.,policy_admin_system,restricted,2025-07-09T15:49:59.938687,2025-08-23T15:49:59.938687,underwriter_001,underwriter_002,Spencer-Richards,CA,1654729.56,1654729.56,10000.00,0.82
SUB-000026,POL-000025,Nichols PLC,Hospitality,FL,4731743.19,1,Hurricane High,60,Medium,New Submission,"Thompson, Smith and Green",Submission categorized as Medium risk based on exposure profile.,broker_submission_portal,restricted,2026-01-24T15:49:59.939342,2026-03-05T15:49:59.939342,underwriter_001,underwriter_002,Nichols PLC,FL,4731743.19,4731743.19,10000.00,0.55
SUB-000027,POL-000169,"Fernandez, Murray and Ellis",Construction,CA,8792428.29,3,Wildfire / Earthquake High,100,High,Bound,"Mclaughlin, Martin and Williams",Insured requesting competitive pricing for upcoming renewal.,broker_submission_portal,internal,2026-02-04T15:49:59.939342,2026-03-16T15:49:59.939342,underwriter_002,underwriter_001,"Fernandez, Murray and Ellis",CA,8792428.29,8792428.29,10000.00,0.82
SUB-000028,POL-000157,Henry-Bell,Energy,TX,4512732.57,1,Hail / Windstorm,55,Medium,Quoted,Johnson-Jenkins,Underwriter requested additional inspection reports.,underwriting_workbench,restricted,2026-04-18T15:49:59.939342,2026-05-31T15:49:59.939342,underwriter_001,underwriter_001,Henry-Bell,TX,4512732.57,4512732.57,10000.00,0.55
SUB-000029,POL-000243,"Hernandez, Griffin and Woods",Energy,NC,1804148.1,6,Hurricane Moderate,85,High,Bound,Lopez-Greene,Insured requesting competitive pricing for upcoming renewal.,broker_submission_portal,restricted,2025-11-18T15:49:59.939342,2025-12-09T15:49:59.939342,underwriter_001,underwriter_001,"Hernandez, Griffin and Woods",NC,1804148.10,1804148.10,10000.00,0.82
SUB-000030,POL-000004,"Moore, Harris and White",Real Estate,OK,3792776.2,2,Tornado High,60,Medium,Declined,Davis-Hoffman,Insured requesting competitive pricing for upcoming renewal.,policy_admin_system,confidential,2025-09-02T15:49:59.940386,2025-09-05T15:49:59.940386,underwriter_001,underwriter_002,"Moore, Harris and White",OK,3792776.20,3792776.20,10000.00,0.55
SUB-000031,POL-000176,"Gardner, Koch and Castro",Healthcare,CA,6914868.18,6,Wildfire / Earthquake High,90,High,In Review,Martinez and Sons,Submission categorized as High risk based on exposure profile.,broker_submission_portal,internal,2026-01-14T15:49:59.940386,2026-02-28T15:49:59.940386,underwriter_002,underwriter_001,"Gardner, Koch and Castro",CA,6914868.18,6914868.18,10000.00,0.82
SUB-000032,POL-000038,Gordon Ltd,Energy,CA,3817042.34,3,Wildfire / Earthquake High,90,High,New Submission,White PLC,Insured requesting competitive pricing for upcoming renewal.,broker_submission_portal,confidential,2025-11-08T15:49:59.940386,2025-11-11T15:49:59.940386,underwriter_001,underwriter_002,Gordon Ltd,CA,3817042.34,3817042.34,10000.00,0.82
SUB-000033,POL-000148,"Nelson, Harris and Freeman",Hospitality,LA,8684772.06,5,Hurricane High,90,High,Bound,Robertson-Gomez,Broker highlighted recent operational improvements reducing risk exposure.,underwriting_workbench,confidential,2026-01-08T15:49:59.940386,2026-01-10T15:49:59.940386,underwriter_002,underwriter_001,"Nelson, Harris and Freeman",LA,8684772.06,8684772.06,10000.00,0.82
SUB-000034,POL-000009,"Ortega, Carrillo and Hansen",Manufacturing,CO,7413640.11,6,Hail Moderate,95,High,New Submission,Johnson PLC,Submission categorized as High risk based on exposure profile.,underwriting_workbench,internal,2026-02-02T15:49:59.940386,2026-03-17T15:49:59.940386,underwriter_002,underwriter_002,"Ortega, Carrillo and Hansen",CO,7413640.11,7413640.11,10000.00,0.82
SUB-000035,POL-000225,Warren Ltd,Retail,CO,5756091.83,5,Hail Moderate,75,High,New Submission,Williams and Sons,Submission categorized as High risk based on exposure profile.,underwriting_workbench,restricted,2025-05-15T15:49:59.940386,2025-05-28T15:49:59.940386,underwriter_002,underwriter_002,Warren Ltd,CO,5756091.83,5756091.83,10000.00,0.82
SUB-000036,POL-000111,Williams LLC,Healthcare,NY,7413020.88,2,Low CAT,45,Medium,Declined,"Young, Robertson and Morrison",Insured requesting competitive pricing for upcoming renewal.,broker_submission_portal,restricted,2026-03-24T15:49:59.940386,2026-05-01T15:49:59.940386,underwriter_001,underwriter_002,Williams LLC,NY,7413020.88,7413020.88,10000.00,0.55
SUB-000037,POL-000300,Little and Sons,Manufacturing,NY,580349.65,1,Low CAT,45,Medium,Quoted,"Garrison, Le and Wilkinson",Insured requesting competitive pricing for upcoming renewal.,policy_admin_system,confidential,2025-12-04T15:49:59.940386,2025-12-14T15:49:59.940386,underwriter_001,underwriter_001,Little and Sons,NY,580349.65,580349.65,10000.00,0.55
SUB-000038,POL-000142,"Brooks, Gilmore and Smith",Energy,TX,4176921.42,3,Hail / Windstorm,65,Medium,Bound,Olson Inc,Submission categorized as Medium risk based on exposure profile.,policy_admin_system,internal,2026-02-01T15:49:59.940386,2026-02-09T15:49:59.940386,underwriter_002,underwriter_001,"Brooks, Gilmore and Smith",TX,4176921.42,4176921.42,10000.00,0.55
SUB-000039,POL-000185,Nguyen-Reese,Hospitality,NC,9888077.03,3,Hurricane Moderate,65,Medium,New Submission,Silva PLC,Insured requesting competitive pricing for upcoming renewal.,policy_admin_system,internal,2026-05-03T15:49:59.940386,2026-06-13T15:49:59.940386,underwriter_002,underwriter_002,Nguyen-Reese,NC,9888077.03,9888077.03,10000.00,0.55
SUB-000040,POL-000279,Flynn Group,Technology,IL,6242576.09,1,Low CAT,45,Medium,Bound,Lee LLC,Broker highlighted recent operational improvements reducing risk exposure.,underwriting_workbench,internal,2025-12-08T15:49:59.940386,2026-01-22T15:49:59.940386,underwriter_001,underwriter_002,Flynn Group,IL,6242576.09,6242576.09,10000.00,0.55
SUB-000041,POL-000172,Sanchez and Sons,Healthcare,OK,4308298.96,5,Tornado High,80,High,In Review,Rodriguez Ltd,Underwriter requested additional inspection reports.,policy_admin_system,confidential,2026-03-20T15:49:59.940386,2026-04-15T15:49:59.940386,underwriter_001,underwriter_002,Sanchez and Sons,OK,4308298.96,4308298.96,10000.00,0.82
SUB-000042,POL-000209,Stone LLC,Transportation,NC,290763.68,7,Hurricane Moderate,75,High,In Review,Walls-Chandler,Insured requesting competitive pricing for upcoming renewal.,policy_admin_system,confidential,2025-05-19T15:49:59.940386,2025-06-28T15:49:59.940386,underwriter_001,underwriter_002,Stone LLC,NC,290763.68,290763.68,10000.00,0.82
SUB-000043,POL-000089,"Mcclain, Shepard and Roberts",Construction,FL,3944899.66,4,Hurricane High,90,High,New Submission,Holt LLC,Broker highlighted recent operational improvements reducing risk exposure.,policy_admin_system,restricted,2026-04-02T15:49:59.940386,2026-04-14T15:49:59.940386,underwriter_001,underwriter_001,"Mcclain, Shepard and Roberts",FL,3944899.66,3944899.66,10000.00,0.82
SUB-000044,POL-000095,Garcia-Flores,Manufacturing,GA,5604198.69,4,Windstorm Moderate,85,High,In Review,"Lee, Hansen and Jones",Broker highlighted recent operational improvements reducing risk exposure.,underwriting_workbench,confidential,2025-07-04T15:49:59.940386,2025-08-08T15:49:59.940386,underwriter_002,underwriter_002,Garcia-Flores,GA,5604198.69,5604198.69,10000.00,0.82
SUB-000045,POL-000141,Harmon-Morgan,Energy,CO,2800410.34,5,Hail Moderate,85,High,In Review,Frost PLC,Broker submitted updated loss runs for Energy account.,broker_submission_portal,confidential,2026-03-17T15:49:59.940386,2026-04-19T15:49:59.940386,underwriter_002,underwriter_001,Harmon-Morgan,CO,2800410.34,2800410.34,10000.00,0.82
SUB-000046,POL-000075,Delgado Inc,Transportation,LA,3806272.03,1,Hurricane High,80,High,Declined,"Boyle, Mccarty and Gilbert",Submission categorized as High risk based on exposure profile.,underwriting_workbench,confidential,2026-04-05T15:49:59.940386,2026-05-03T15:49:59.940386,underwriter_001,underwriter_002,Delgado Inc,LA,3806272.03,3806272.03,10000.00,0.82
SUB-000047,POL-000083,Ferguson-Yu,Construction,GA,3944215.48,5,Windstorm Moderate,85,High,Quoted,Murphy-Sawyer,Submission categorized as High risk based on exposure profile.,broker_submission_portal,confidential,2025-10-14T15:49:59.940386,2025-11-27T15:49:59.940386,underwriter_001,underwriter_002,Ferguson-Yu,GA,3944215.48,3944215.48,10000.00,0.82
SUB-000048,POL-000218,Martinez Ltd,Manufacturing,LA,8108009.0,5,Hurricane High,110,High,New Submission,Lewis-Mann,Submission categorized as High risk based on exposure profile.,underwriting_workbench,internal,2025-05-18T15:49:59.940386,2025-06-15T15:49:59.940386,underwriter_002,underwriter_001,Martinez Ltd,LA,8108009.00,8108009.00,10000.00,0.82
SUB-000049,POL-000011,Freeman-Jones,Real Estate,CA,5303947.98,2,Wildfire / Earthquake High,70,Medium,New Submission,"Hanson, Hardy and Harrison",Broker submitted updated loss runs for Real Estate account.,broker_submission_portal,restricted,2026-03-25T15:49:59.940386,2026-03-30T15:49:59.940386,underwriter_001,underwriter_002,Freeman-Jones,CA,5303947.98,5303947.98,10000.00,0.55
SUB-000050,POL-000277,"Beck, Horn and Morgan",Technology,NC,3303494.63,5,Hurricane Moderate,65,Medium,Bound,Smith-Garcia,Insured requesting competitive pricing for upcoming renewal.,policy_admin_system,internal,2026-03-09T15:49:59.940386,2026-03-23T15:49:59.940386,underwriter_001,underwriter_002,"Beck, Horn and Morgan",NC,3303494.63,3303494.63,10000.00,0.55
SUB-000051,POL-000077,Adams Group,Energy,TX,2523891.38,7,Hail / Windstorm,75,High,Bound,Vaughan and Sons,Insured requesting competitive pricing for upcoming renewal.,broker_submission_portal,restricted,2026-04-06T15:49:59.940386,2026-04-08T15:49:59.940386,underwriter_001,underwriter_002,Adams Group,TX,2523891.38,2523891.38,10000.00,0.82
SUB-000052,POL-000161,Andrews-Anderson,Healthcare,CO,2613371.09,4,Hail Moderate,55,Medium,Declined,Garcia and Sons,Broker submitted updated loss runs for Healthcare account.,policy_admin_system,internal,2026-03-07T15:49:59.940386,2026-04-11T15:49:59.940386,underwriter_002,underwriter_002,Andrews-Anderson,CO,2613371.09,2613371.09,10000.00,0.55
SUB-000053,POL-000097,Obrien PLC,Construction,GA,7592697.98,5,Windstorm Moderate,95,High,In Review,"Webster, Ramsey and Terrell",Broker submitted updated loss runs for Construction account.,broker_submission_portal,restricted,2025-08-27T15:49:59.940386,2025-10-09T15:49:59.940386,underwriter_001,underwriter_001,Obrien PLC,GA,7592697.98,7592697.98,10000.00,0.82
SUB-000054,POL-000153,Mitchell and Sons,Manufacturing,TX,2515675.26,3,Hail / Windstorm,65,Medium,New Submission,"Lowe, Thompson and Romero",Insured requesting competitive pricing for upcoming renewal.,underwriting_workbench,internal,2026-02-22T15:49:59.940386,2026-03-01T15:49:59.940386,underwriter_001,underwriter_001,Mitchell and Sons,TX,2515675.26,2515675.26,10000.00,0.55
SUB-000055,POL-000109,Young Inc,Construction,IL,3960559.66,1,Low CAT,55,Medium,New Submission,Hall-Wood,Broker highlighted recent operational improvements reducing risk exposure.,broker_submission_portal,internal,2025-12-22T15:49:59.940386,2026-01-21T15:49:59.940386,underwriter_002,underwriter_001,Young Inc,IL,3960559.66,3960559.66,10000.00,0.55
SUB-000056,POL-000067,Hurst Inc,Manufacturing,CA,943812.28,6,Wildfire / Earthquake High,90,High,Declined,Bell-Tanner,Broker submitted updated loss runs for Manufacturing account.,broker_submission_portal,internal,2025-10-09T15:49:59.940386,2025-10-13T15:49:59.940386,underwriter_002,underwriter_001,Hurst Inc,CA,943812.28,943812.28,10000.00,0.82
SUB-000057,POL-000063,Adams-Haas,Manufacturing,TX,1149303.0,0,Hail / Windstorm,50,Medium,Bound,Hodges-Parsons,Broker highlighted recent operational improvements reducing risk exposure.,policy_admin_system,restricted,2026-01-11T15:49:59.940386,2026-01-13T15:49:59.940386,underwriter_002,underwriter_001,Adams-Haas,TX,1149303.00,1149303.00,10000.00,0.55
SUB-000058,POL-000166,Brown and Sons,Technology,CO,6663646.47,5,Hail Moderate,75,High,Quoted,Walker-Waller,Broker submitted updated loss runs for Technology account.,underwriting_workbench,confidential,2025-07-07T15:49:59.940386,2025-08-17T15:49:59.940386,underwriter_002,underwriter_002,Brown and Sons,CO,6663646.47,6663646.47,10000.00,0.82
SUB-000059,POL-000260,Dickson Ltd,Construction,TX,6180915.63,1,Hail / Windstorm,65,Medium,Quoted,"Lane, Foster and Wilson",Broker submitted updated loss runs for Construction account.,underwriting_workbench,internal,2025-08-10T15:49:59.940386,2025-09-04T15:49:59.940386,underwriter_001,underwriter_002,Dickson Ltd,TX,6180915.63,6180915.63,10000.00,0.55
SUB-000060,POL-000147,"Lindsey, Hicks and Garcia",Transportation,NC,4936374.77,6,Hurricane Moderate,85,High,Bound,Ross-Tucker,Underwriter requested additional inspection reports.,policy_admin_system,confidential,2026-03-27T15:49:59.940386,2026-03-31T15:49:59.940386,underwriter_002,underwriter_001,"Lindsey, Hicks and Garcia",NC,4936374.77,4936374.77,10000.00,0.82
SUB-000061,POL-000048,Holmes-Lynn,Hospitality,GA,1212835.62,5,Windstorm Moderate,65,Medium,Bound,"Hernandez, Robbins and Wiggins",Broker highlighted recent operational improvements reducing risk exposure.,broker_submission_portal,internal,2026-01-15T15:49:59.940386,2026-02-19T15:49:59.940386,underwriter_001,underwriter_001,Holmes-Lynn,GA,1212835.62,1212835.62,10000.00,0.55
SUB-000062,POL-000009,Watkins-Graham,Energy,FL,8125327.34,5,Hurricane High,110,High,In Review,Cline PLC,Broker highlighted recent operational improvements reducing risk exposure.,broker_submission_portal,restricted,2025-07-07T15:49:59.940386,2025-08-07T15:49:59.940386,underwriter_001,underwriter_001,Watkins-Graham,FL,8125327.34,8125327.34,10000.00,0.82
SUB-000063,POL-000190,Goodwin-Harvey,Real Estate,CO,6482186.12,6,Hail Moderate,75,High,Bound,Brown-Williams,Broker submitted updated loss runs for Real Estate account.,policy_admin_system,confidential,2026-03-30T15:49:59.940386,2026-05-12T15:49:59.940386,underwriter_001,underwriter_001,Goodwin-Harvey,CO,6482186.12,6482186.12,10000.00,0.82
SUB-000064,POL-000223,Booth-Sanders,Transportation,NC,8050736.36,3,Hurricane Moderate,85,High,Quoted,Keller-Curtis,Insured requesting competitive pricing for upcoming renewal.,broker_submission_portal,confidential,2025-06-19T15:49:59.940386,2025-07-12T15:49:59.940386,underwriter_001,underwriter_001,Booth-Sanders,NC,8050736.36,8050736.36,10000.00,0.82
SUB-000065,POL-000114,Jones Inc,Retail,NC,7143324.1,1,Hurricane Moderate,55,Medium,In Review,Wilson Group,Underwriter requested additional inspection reports.,underwriting_workbench,confidential,2026-03-20T15:49:59.940386,2026-04-02T15:49:59.940386,underwriter_001,underwriter_001,Jones Inc,NC,7143324.10,7143324.10,10000.00,0.55
SUB-000066,POL-000132,Lloyd-Lyons,Transportation,GA,5717100.23,6,Windstorm Moderate,95,High,In Review,"Arellano, Barker and Brock",Broker submitted updated loss runs for Transportation account.,broker_submission_portal,internal,2025-07-30T15:49:59.940386,2025-08-20T15:49:59.940386,underwriter_002,underwriter_002,Lloyd-Lyons,GA,5717100.23,5717100.23,10000.00,0.82
SUB-000067,POL-000028,Reyes and Sons,Hospitality,CA,3297509.41,3,Wildfire / Earthquake High,70,Medium,New Submission,Hunter-Burke,Underwriter requested additional inspection reports.,policy_admin_system,restricted,2025-09-08T15:49:59.940386,2025-09-30T15:49:59.940386,underwriter_002,underwriter_001,Reyes and Sons,CA,3297509.41,3297509.41,10000.00,0.55
SUB-000068,POL-000147,"Foster, Kim and Williams",Transportation,OK,9305090.68,4,Tornado High,100,High,Declined,"Poole, Castillo and Kennedy",Broker submitted updated loss runs for Transportation account.,policy_admin_system,restricted,2026-04-26T15:49:59.940386,2026-05-03T15:49:59.940386,underwriter_001,underwriter_002,"Foster, Kim and Williams",OK,9305090.68,9305090.68,10000.00,0.82
SUB-000069,POL-000275,Kennedy-Parker,Real Estate,TX,7383769.93,4,Hail / Windstorm,55,Medium,In Review,Morris LLC,Submission categorized as Medium risk based on exposure profile.,broker_submission_portal,restricted,2026-03-26T15:49:59.940386,2026-04-27T15:49:59.940386,underwriter_001,underwriter_001,Kennedy-Parker,TX,7383769.93,7383769.93,10000.00,0.55
SUB-000070,POL-000200,Dixon-Martin,Real Estate,CO,9009306.67,1,Hail Moderate,55,Medium,Bound,"Joseph, Hill and Hernandez",Submission categorized as Medium risk based on exposure profile.,policy_admin_system,internal,2026-02-18T15:49:59.940386,2026-03-09T15:49:59.940386,underwriter_002,underwriter_002,Dixon-Martin,CO,9009306.67,9009306.67,10000.00,0.55
SUB-000071,POL-000133,"Wright, Richardson and Schwartz",Energy,GA,5736820.07,6,Windstorm Moderate,95,High,Bound,"Wilson, Crawford and Rios",Insured requesting competitive pricing for upcoming renewal.,policy_admin_system,restricted,2025-11-18T15:49:59.940386,2025-12-18T15:49:59.940386,underwriter_001,underwriter_002,"Wright, Richardson and Schwartz",GA,5736820.07,5736820.07,10000.00,0.82
SUB-000072,POL-000037,Zavala-Wilson,Healthcare,GA,8183087.86,4,Windstorm Moderate,65,Medium,New Submission,Williams-Gomez,Submission categorized as Medium risk based on exposure profile.,policy_admin_system,restricted,2026-02-02T15:49:59.940386,2026-02-24T15:49:59.940386,underwriter_001,underwriter_002,Zavala-Wilson,GA,8183087.86,8183087.86,10000.00,0.55
SUB-000073,POL-000065,Austin Inc,Construction,CA,4036233.75,7,Wildfire / Earthquake High,100,High,In Review,"Gaines, Bryant and Lowe",Submission categorized as High risk based on exposure profile.,underwriting_workbench,internal,2025-08-01T15:49:59.940386,2025-09-09T15:49:59.940386,underwriter_001,underwriter_002,Austin Inc,CA,4036233.75,4036233.75,10000.00,0.82
SUB-000074,POL-000226,Rodriguez Group,Retail,NC,7194782.77,2,Hurricane Moderate,55,Medium,New Submission,Taylor Inc,Insured requesting competitive pricing for upcoming renewal.,policy_admin_system,confidential,2025-11-18T15:49:59.940386,2025-12-22T15:49:59.940386,underwriter_001,underwriter_002,Rodriguez Group,NC,7194782.77,7194782.77,10000.00,0.55
SUB-000075,POL-000106,"Henderson, Cannon and Yoder",Hospitality,CA,9888276.25,1,Wildfire / Earthquake High,70,Medium,In Review,"Taylor, Berger and Ramirez",Broker highlighted recent operational improvements reducing risk exposure.,policy_admin_system,internal,2025-10-25T15:49:59.940386,2025-10-30T15:49:59.940386,underwriter_001,underwriter_002,"Henderson, Cannon and Yoder",CA,9888276.25,9888276.25,10000.00,0.55
SUB-000076,POL-000158,Nolan Ltd,Energy,OK,2837072.14,0,Tornado High,75,High,New Submission,Vega-Cunningham,Insured requesting competitive pricing for upcoming renewal.,broker_submission_portal,restricted,2026-04-01T15:49:59.940386,2026-04-21T15:49:59.940386,underwriter_002,underwriter_002,Nolan Ltd,OK,2837072.14,2837072.14,10000.00,0.82
SUB-000077,POL-000176,Garcia-Baker,Construction,NC,7923260.76,3,Hurricane Moderate,85,High,Declined,Evans-Long,Insured requesting competitive pricing for upcoming renewal.,broker_submission_portal,confidential,2025-05-11T15:49:59.940386,2025-05-13T15:49:59.940386,underwriter_002,underwriter_002,Garcia-Baker,NC,7923260.76,7923260.76,10000.00,0.82
SUB-000078,POL-000049,Willis Inc,Healthcare,CA,7944264.42,1,Wildfire / Earthquake High,70,Medium,In Review,"Burke, Ramirez and Rogers",Broker submitted updated loss runs for Healthcare account.,policy_admin_system,restricted,2025-08-31T15:49:59.940386,2025-10-14T15:49:59.940386,underwriter_001,underwriter_001,Willis Inc,CA,7944264.42,7944264.42,10000.00,0.55
SUB-000079,POL-000054,Carter-Ross,Energy,CO,3838536.08,0,Hail Moderate,60,Medium,Bound,King-Ayala,Insured requesting competitive pricing for upcoming renewal.,policy_admin_system,restricted,2026-01-30T15:49:59.940386,2026-02-14T15:49:59.940386,underwriter_001,underwriter_001,Carter-Ross,CO,3838536.08,3838536.08,10000.00,0.55
SUB-000080,POL-000011,"Gonzalez, Elliott and Green",Energy,LA,5435935.55,0,Hurricane High,85,High,In Review,Horn-Hamilton,Broker highlighted recent operational improvements reducing risk exposure.,broker_submission_portal,restricted,2025-07-19T15:49:59.940386,2025-08-20T15:49:59.940386,underwriter_001,underwriter_002,"Gonzalez, Elliott and Green",LA,5435935.55,5435935.55,10000.00,0.82
SUB-000081,POL-000247,Martinez Inc,Energy,NY,9071639.57,6,Low CAT,85,High,Declined,Lee PLC,Broker submitted updated loss runs for Energy account.,broker_submission_portal,restricted,2026-03-14T15:49:59.940386,2026-03-29T15:49:59.940386,underwriter_002,underwriter_001,Martinez Inc,NY,9071639.57,9071639.57,10000.00,0.82
SUB-000082,POL-000059,Hayes-Baker,Energy,FL,1187141.77,6,Hurricane High,100,High,Quoted,Watson-Rose,Submission categorized as High risk based on exposure profile.,broker_submission_portal,internal,2025-06-30T15:49:59.940386,2025-07-22T15:49:59.940386,underwriter_002,underwriter_001,Hayes-Baker,FL,1187141.77,1187141.77,10000.00,0.82
SUB-000083,POL-000023,"Mendoza, Humphrey and Sullivan",Construction,NY,1887656.23,4,Low CAT,65,Medium,Quoted,Adams Group,Broker highlighted recent operational improvements reducing risk exposure.,broker_submission_portal,restricted,2026-04-07T15:49:59.940386,2026-05-15T15:49:59.940386,underwriter_001,underwriter_001,"Mendoza, Humphrey and Sullivan",NY,1887656.23,1887656.23,10000.00,0.55
SUB-000084,POL-000106,Hampton-Dunn,Healthcare,OK,6158786.35,4,Tornado High,80,High,New Submission,"Lewis, Harris and Manning",Submission categorized as High risk based on exposure profile.,broker_submission_portal,restricted,2025-11-16T15:49:59.940386,2025-12-13T15:49:59.940386,underwriter_002,underwriter_002,Hampton-Dunn,OK,6158786.35,6158786.35,10000.00,0.82
SUB-000085,POL-000180,"Byrd, Robinson and Williams",Real Estate,OK,4995140.89,2,Tornado High,60,Medium,Declined,"Huang, Santos and Mills",Broker highlighted recent operational improvements reducing risk exposure.,policy_admin_system,restricted,2025-07-19T15:49:59.940386,2025-08-20T15:49:59.940386,underwriter_002,underwriter_001,"Byrd, Robinson and Williams",OK,4995140.89,4995140.89,10000.00,0.55
SUB-000086,POL-000263,"Espinoza, Casey and Romero",Retail,NC,8856947.77,5,Hurricane Moderate,75,High,Declined,Harding-Wilson,Submission categorized as High risk based on exposure profile.,broker_submission_portal,confidential,2025-06-14T15:49:59.940386,2025-07-03T15:49:59.940386,underwriter_001,underwriter_002,"Espinoza, Casey and Romero",NC,8856947.77,8856947.77,10000.00,0.82
SUB-000087,POL-000240,"Spencer, Cole and Watkins",Hospitality,NY,1507078.3,7,Low CAT,55,Medium,Bound,Green-Mack,Submission categorized as Medium risk based on exposure profile.,policy_admin_system,restricted,2026-03-27T15:49:59.940386,2026-04-12T15:49:59.940386,underwriter_001,underwriter_001,"Spencer, Cole and Watkins",NY,1507078.30,1507078.30,10000.00,0.55
SUB-000088,POL-000132,"Martinez, Cole and Collins",Transportation,NY,8195367.33,2,Low CAT,65,Medium,Bound,Lewis Inc,Broker submitted updated loss runs for Transportation account.,broker_submission_portal,confidential,2025-12-09T15:49:59.940386,2026-01-22T15:49:59.940386,underwriter_001,underwriter_001,"Martinez, Cole and Collins",NY,8195367.33,8195367.33,10000.00,0.55
SUB-000089,POL-000131,"Olson, Terry and Williams",Transportation,LA,568185.56,5,Hurricane High,90,High,New Submission,Dalton PLC,Insured requesting competitive pricing for upcoming renewal.,underwriting_workbench,restricted,2025-11-25T15:49:59.940386,2025-12-19T15:49:59.940386,underwriter_002,underwriter_002,"Olson, Terry and Williams",LA,568185.56,568185.56,10000.00,0.82
SUB-000090,POL-000014,Brown-Gonzalez,Construction,NC,7880895.95,1,Hurricane Moderate,75,High,Quoted,"Burnett, Griffith and Branch",Insured requesting competitive pricing for upcoming renewal.,policy_admin_system,confidential,2025-11-04T15:49:59.940386,2025-12-18T15:49:59.940386,underwriter_002,underwriter_001,Brown-Gonzalez,NC,7880895.95,7880895.95,10000.00,0.82
SUB-000091,POL-000224,Rivas-White,Manufacturing,CO,9891998.35,3,Hail Moderate,85,High,Declined,Francis-Winters,Underwriter requested additional inspection reports.,underwriting_workbench,internal,2026-01-26T15:49:59.940386,2026-01-29T15:49:59.940386,underwriter_002,underwriter_002,Rivas-White,CO,9891998.35,9891998.35,10000.00,0.82
SUB-000092,POL-000232,Dunn and Sons,Healthcare,GA,3446058.81,4,Windstorm Moderate,55,Medium,New Submission,Marshall Group,Broker highlighted recent operational improvements reducing risk exposure.,broker_submission_portal,internal,2025-10-10T15:49:59.940386,2025-10-20T15:49:59.940386,underwriter_002,underwriter_002,Dunn and Sons,GA,3446058.81,3446058.81,10000.00,0.55
SUB-000093,POL-000294,Fleming-Farley,Healthcare,IL,455178.4,2,Low CAT,25,Low,Quoted,"Branch, Bennett and Rowland",Insured requesting competitive pricing for upcoming renewal.,underwriting_workbench,internal,2025-12-14T15:49:59.940386,2026-01-05T15:49:59.940386,underwriter_001,underwriter_002,Fleming-Farley,IL,455178.40,455178.40,10000.00,0.25
SUB-000094,POL-000180,Love-Robinson,Technology,CA,8581543.37,6,Wildfire / Earthquake High,90,High,Declined,"Cuevas, Baker and Francis",Submission categorized as High risk based on exposure profile.,policy_admin_system,restricted,2026-02-13T15:49:59.940386,2026-03-07T15:49:59.940386,underwriter_002,underwriter_001,Love-Robinson,CA,8581543.37,8581543.37,10000.00,0.82
SUB-000095,POL-000184,Jones LLC,Retail,NC,2316066.06,0,Hurricane Moderate,40,Low,New Submission,Wheeler-Gray,Broker submitted updated loss runs for Retail account.,underwriting_workbench,restricted,2025-09-27T15:49:59.940386,2025-09-28T15:49:59.940386,underwriter_002,underwriter_001,Jones LLC,NC,2316066.06,2316066.06,10000.00,0.25
SUB-000096,POL-000129,"Hansen, Reynolds and Bates",Transportation,CO,2361339.61,0,Hail Moderate,60,Medium,Quoted,"Juarez, Romero and Glover",Submission categorized as Medium risk based on exposure profile.,broker_submission_portal,internal,2026-01-23T15:49:59.940386,2026-02-27T15:49:59.940386,underwriter_002,underwriter_001,"Hansen, Reynolds and Bates",CO,2361339.61,2361339.61,10000.00,0.55
SUB-000097,POL-000123,"Palmer, Roberson and Thompson",Construction,GA,5290308.57,2,Windstorm Moderate,75,High,Quoted,Martin-Miller,Submission categorized as High risk based on exposure profile.,broker_submission_portal,confidential,2025-11-22T15:49:59.940386,2025-12-13T15:49:59.940386,underwriter_002,underwriter_001,"Palmer, Roberson and Thompson",GA,5290308.57,5290308.57,10000.00,0.82
SUB-000098,POL-000044,"Bauer, Salinas and Williams",Transportation,TX,8584814.38,6,Hail / Windstorm,85,High,Quoted,"Delgado, Arnold and Robertson",Broker submitted updated loss runs for Transportation account.,policy_admin_system,restricted,2025-09-08T15:49:59.940386,2025-10-10T15:49:59.940386,underwriter_001,underwriter_002,"Bauer, Salinas and Williams",TX,8584814.38,8584814.38,10000.00,0.82
SUB-000099,POL-000130,"Pittman, Scott and Melendez",Transportation,OK,5408738.58,4,Tornado High,100,High,In Review,Harrell Ltd,Insured requesting competitive pricing for upcoming renewal.,policy_admin_system,restricted,2026-04-29T15:49:59.955040,2026-06-01T15:49:59.955040,underwriter_002,underwriter_001,"Pittman, Scott and Melendez",OK,5408738.58,5408738.58,10000.00,0.82
SUB-000100,POL-000274,"White, Woodard and Barron",Technology,GA,7124562.87,4,Windstorm Moderate,65,Medium,Declined,Turner LLC,Submission categorized as Medium risk based on exposure profile.,underwriting_workbench,internal,2025-10-19T15:49:59.955040,2025-10-28T15:49:59.955040,underwriter_002,underwriter_002,"White, Woodard and Barron",GA,7124562.87,7124562.87,10000.00,0.55
SUB-000101,POL-000103,Smith PLC,Manufacturing,CO,5610617.99,3,Hail Moderate,85,High,Declined,"Sullivan, Smith and Ramirez",Underwriter requested additional inspection reports.,broker_submission_portal,confidential,2025-07-09T15:49:59.955040,2025-08-08T15:49:59.955040,underwriter_002,underwriter_001,Smith PLC,CO,5610617.99,5610617.99,10000.00,0.82
SUB-000102,POL-000080,"Taylor, Ramirez and Clark",Technology,LA,2055017.43,4,Hurricane High,70,Medium,In Review,"Rosario, Adams and Chavez",Underwriter requested additional inspection reports.,policy_admin_system,confidential,2025-08-24T15:49:59.955929,2025-09-24T15:49:59.955929,underwriter_002,underwriter_001,"Taylor, Ramirez and Clark",LA,2055017.43,2055017.43,10000.00,0.55
SUB-000103,POL-000072,Campos Ltd,Technology,NY,6430480.73,1,Low CAT,45,Medium,Bound,"Mcintyre, Weiss and Garner",Insured requesting competitive pricing for upcoming renewal.,underwriting_workbench,internal,2025-11-03T15:49:59.955929,2025-11-20T15:49:59.955929,underwriter_002,underwriter_001,Campos Ltd,NY,6430480.73,6430480.73,10000.00,0.55
SUB-000104,POL-000100,Reed-Williams,Manufacturing,GA,829991.44,6,Windstorm Moderate,75,High,In Review,Riley PLC,Insured requesting competitive pricing for upcoming renewal.,underwriting_workbench,confidential,2026-02-09T15:49:59.955929,2026-02-18T15:49:59.955929,underwriter_001,underwriter_002,Reed-Williams,GA,829991.44,829991.44,10000.00,0.82
SUB-000105,POL-000080,Middleton Inc,Hospitality,TX,7116960.69,3,Hail / Windstorm,55,Medium,In Review,Smith-Morris,Submission categorized as Medium risk based on exposure profile.,broker_submission_portal,restricted,2025-12-12T15:49:59.956773,2025-12-20T15:49:59.956773,underwriter_002,underwriter_002,Middleton Inc,TX,7116960.69,7116960.69,10000.00,0.55
SUB-000106,POL-000006,Maldonado-Adams,Hospitality,CA,8824695.51,0,Wildfire / Earthquake High,65,Medium,Declined,"Stone, Riley and Rose",Submission categorized as Medium risk based on exposure profile.,broker_submission_portal,internal,2025-12-28T15:49:59.956773,2026-01-29T15:49:59.956773,underwriter_002,underwriter_002,Maldonado-Adams,CA,8824695.51,8824695.51,10000.00,0.55
SUB-000107,POL-000013,"Black, Perez and Burton",Energy,GA,3626548.05,5,Windstorm Moderate,85,High,Quoted,Thomas-Cole,Insured requesting competitive pricing for upcoming renewal.,policy_admin_system,internal,2025-06-19T15:49:59.956773,2025-07-05T15:49:59.956773,underwriter_002,underwriter_001,"Black, Perez and Burton",GA,3626548.05,3626548.05,10000.00,0.82
SUB-000108,POL-000238,Ramos Group,Real Estate,TX,8239831.75,0,Hail / Windstorm,40,Low,Quoted,"Adams, Hull and Osborn",Broker submitted updated loss runs for Real Estate account.,broker_submission_portal,restricted,2025-11-06T15:49:59.956773,2025-12-15T15:49:59.956773,underwriter_001,underwriter_002,Ramos Group,TX,8239831.75,8239831.75,10000.00,0.25
SUB-000109,POL-000201,Edwards-Johnson,Retail,OK,3845795.55,1,Tornado High,60,Medium,Quoted,"Mclaughlin, Patel and Lee",Insured requesting competitive pricing for upcoming renewal.,broker_submission_portal,restricted,2026-04-17T15:49:59.956773,2026-05-06T15:49:59.956773,underwriter_001,underwriter_001,Edwards-Johnson,OK,3845795.55,3845795.55,10000.00,0.55
SUB-000110,POL-000044,Paul PLC,Energy,OK,1015917.87,0,Tornado High,75,High,Bound,"Solis, Villegas and Perez",Broker highlighted recent operational improvements reducing risk exposure.,underwriting_workbench,internal,2025-06-22T15:49:59.956773,2025-06-29T15:49:59.956773,underwriter_001,underwriter_001,Paul PLC,OK,1015917.87,1015917.87,10000.00,0.82
SUB-000111,POL-000069,"May, Hines and Leblanc",Technology,CO,3570319.59,1,Hail Moderate,45,Medium,New Submission,Paul-Herring,Underwriter requested additional inspection reports.,policy_admin_system,internal,2026-04-10T15:49:59.956773,2026-04-15T15:49:59.956773,underwriter_002,underwriter_001,"May, Hines and Leblanc",CO,3570319.59,3570319.59,10000.00,0.55
SUB-000112,POL-000188,Yang-Baker,Hospitality,CO,2163610.99,6,Hail Moderate,65,Medium,Declined,Norris Group,Submission categorized as Medium risk based on exposure profile.,underwriting_workbench,internal,2025-08-01T15:49:59.956773,2025-09-13T15:49:59.956773,underwriter_002,underwriter_002,Yang-Baker,CO,2163610.99,2163610.99,10000.00,0.55
SUB-000113,POL-000211,Horne-Moore,Hospitality,NY,2452187.16,3,Low CAT,45,Medium,In Review,"Martin, Jenkins and Ramos",Broker submitted updated loss runs for Hospitality account.,policy_admin_system,restricted,2025-10-11T15:49:59.956773,2025-10-18T15:49:59.956773,underwriter_001,underwriter_001,Horne-Moore,NY,2452187.16,2452187.16,10000.00,0.55
SUB-000114,POL-000207,Mahoney-Garcia,Healthcare,OK,5915609.98,7,Tornado High,90,High,Declined,Smith-Cunningham,Insured requesting competitive pricing for upcoming renewal.,underwriting_workbench,confidential,2026-02-05T15:49:59.956773,2026-02-16T15:49:59.956773,underwriter_001,underwriter_002,Mahoney-Garcia,OK,5915609.98,5915609.98,10000.00,0.82
SUB-000115,POL-000234,Gardner Ltd,Construction,TX,4424006.81,4,Hail / Windstorm,65,Medium,In Review,Cox Inc,Broker highlighted recent operational improvements reducing risk exposure.,underwriting_workbench,confidential,2025-09-08T15:49:59.956773,2025-09-25T15:49:59.956773,underwriter_001,underwriter_002,Gardner Ltd,TX,4424006.81,4424006.81,10000.00,0.55
SUB-000116,POL-000124,Mckinney-Brady,Manufacturing,CA,6735935.62,6,Wildfire / Earthquake High,110,High,In Review,King-West,Submission categorized as High risk based on exposure profile.,broker_submission_portal,restricted,2025-08-25T15:49:59.956773,2025-09-01T15:49:59.956773,underwriter_002,underwriter_002,Mckinney-Brady,CA,6735935.62,6735935.62,10000.00,0.82
SUB-000117,POL-000076,Miller-Adams,Energy,FL,5461185.43,2,Hurricane High,90,High,Bound,"Bartlett, Mcbride and Williams",Broker highlighted recent operational improvements reducing risk exposure.,underwriting_workbench,restricted,2026-03-16T15:49:59.956773,2026-03-22T15:49:59.956773,underwriter_001,underwriter_001,Miller-Adams,FL,5461185.43,5461185.43,10000.00,0.82
SUB-000118,POL-000042,"Wright, Ford and Graves",Technology,TX,4361360.84,3,Hail / Windstorm,45,Medium,In Review,Hurst Group,Submission categorized as Medium risk based on exposure profile.,underwriting_workbench,internal,2025-09-04T15:49:59.956773,2025-10-19T15:49:59.956773,underwriter_002,underwriter_001,"Wright, Ford and Graves",TX,4361360.84,4361360.84,10000.00,0.55
SUB-000119,POL-000167,Barker-Baker,Energy,IL,3311776.53,5,Low CAT,75,High,In Review,Gaines-Hardy,Submission categorized as High risk based on exposure profile.,underwriting_workbench,internal,2025-07-27T15:49:59.956773,2025-08-17T15:49:59.956773,underwriter_001,underwriter_001,Barker-Baker,IL,3311776.53,3311776.53,10000.00,0.82
SUB-000120,POL-000215,Smith-Hunt,Retail,IL,2612899.85,6,Low CAT,55,Medium,Declined,"Wilcox, Bishop and Wilson",Submission categorized as Medium risk based on exposure profile.,policy_admin_system,internal,2026-03-15T15:49:59.956773,2026-04-06T15:49:59.956773,underwriter_002,underwriter_001,Smith-Hunt,IL,2612899.85,2612899.85,10000.00,0.55
SUB-000121,POL-000275,Jackson-Jones,Manufacturing,NC,7147608.35,5,Hurricane Moderate,95,High,New Submission,Mathis-Byrd,Insured requesting competitive pricing for upcoming renewal.,underwriting_workbench,internal,2025-11-05T15:49:59.956773,2025-12-20T15:49:59.956773,underwriter_002,underwriter_002,Jackson-Jones,NC,7147608.35,7147608.35,10000.00,0.82
SUB-000122,POL-000107,Dawson and Sons,Hospitality,CO,3114623.12,6,Hail Moderate,65,Medium,Bound,Davis-Anderson,Insured requesting competitive pricing for upcoming renewal.,policy_admin_system,restricted,2026-04-15T15:49:59.956773,2026-05-13T15:49:59.956773,underwriter_001,underwriter_001,Dawson and Sons,CO,3114623.12,3114623.12,10000.00,0.55
SUB-000123,POL-000114,Liu-Gibbs,Energy,FL,9727117.37,6,Hurricane High,110,High,In Review,Garrison-Short,Underwriter requested additional inspection reports.,policy_admin_system,restricted,2025-06-14T15:49:59.956773,2025-06-18T15:49:59.956773,underwriter_002,underwriter_001,Liu-Gibbs,FL,9727117.37,9727117.37,10000.00,0.82
SUB-000124,POL-000231,White-Jimenez,Real Estate,CO,6167535.54,3,Hail Moderate,65,Medium,Bound,Ferrell-Rivas,Broker highlighted recent operational improvements reducing risk exposure.,policy_admin_system,confidential,2025-12-17T15:49:59.956773,2026-01-20T15:49:59.956773,underwriter_002,underwriter_001,White-Jimenez,CO,6167535.54,6167535.54,10000.00,0.55
SUB-000125,POL-000239,"Fernandez, Wilson and Williams",Energy,CO,4430088.87,2,Hail Moderate,65,Medium,Declined,Montoya-Steele,Submission categorized as Medium risk based on exposure profile.,underwriting_workbench,internal,2025-06-03T15:49:59.956773,2025-06-04T15:49:59.956773,underwriter_002,underwriter_002,"Fernandez, Wilson and Williams",CO,4430088.87,4430088.87,10000.00,0.55
SUB-000126,POL-000243,Werner-Oliver,Healthcare,GA,934290.53,1,Windstorm Moderate,35,Low,New Submission,Peterson and Sons,Submission categorized as Low risk based on exposure profile.,underwriting_workbench,confidential,2025-10-26T15:49:59.956773,2025-11-27T15:49:59.956773,underwriter_001,underwriter_001,Werner-Oliver,GA,934290.53,934290.53,10000.00,0.25
SUB-000127,POL-000072,"Howard, Hardin and Vaughn",Retail,CO,5163413.61,2,Hail Moderate,55,Medium,In Review,Mcpherson and Sons,Insured requesting competitive pricing for upcoming renewal.,policy_admin_system,restricted,2025-08-08T15:49:59.956773,2025-09-06T15:49:59.956773,underwriter_001,underwriter_002,"Howard, Hardin and Vaughn",CO,5163413.61,5163413.61,10000.00,0.55
SUB-000128,POL-000144,Vasquez and Sons,Transportation,GA,6052524.9,1,Windstorm Moderate,75,High,In Review,"Casey, Gill and Lang",Broker submitted updated loss runs for Transportation account.,underwriting_workbench,internal,2026-03-20T15:49:59.956773,2026-04-30T15:49:59.956773,underwriter_001,underwriter_001,Vasquez and Sons,GA,6052524.90,6052524.90,10000.00,0.82
SUB-000129,POL-000198,"Espinoza, White and Hoover",Real Estate,FL,8629151.3,2,Hurricane High,70,Medium,In Review,"Pierce, Thomas and Cummings",Submission categorized as Medium risk based on exposure profile.,underwriting_workbench,confidential,2025-12-07T15:49:59.956773,2025-12-22T15:49:59.956773,underwriter_002,underwriter_001,"Espinoza, White and Hoover",FL,8629151.30,8629151.30,10000.00,0.55
SUB-000130,POL-000024,Gordon Inc,Retail,FL,4526401.06,6,Hurricane High,80,High,In Review,Martinez Group,Submission categorized as High risk based on exposure profile.,underwriting_workbench,confidential,2025-12-26T15:49:59.956773,2026-01-08T15:49:59.956773,underwriter_002,underwriter_002,Gordon Inc,FL,4526401.06,4526401.06,10000.00,0.82
SUB-000131,POL-000006,Adams-Heath,Construction,OK,6213508.34,5,Tornado High,110,High,Bound,Bowman Ltd,Broker highlighted recent operational improvements reducing risk exposure.,broker_submission_portal,confidential,2025-10-10T15:49:59.956773,2025-11-15T15:49:59.956773,underwriter_001,underwriter_002,Adams-Heath,OK,6213508.34,6213508.34,10000.00,0.82
SUB-000132,POL-000296,Schultz-Walker,Healthcare,GA,3482997.2,3,Windstorm Moderate,55,Medium,Declined,"Brown, Oconnell and Carter",Broker submitted updated loss runs for Healthcare account.,policy_admin_system,restricted,2025-12-05T15:49:59.956773,2025-12-20T15:49:59.956773,underwriter_001,underwriter_001,Schultz-Walker,GA,3482997.20,3482997.20,10000.00,0.55
SUB-000133,POL-000123,"Singleton, Rodriguez and Gutierrez",Retail,GA,524380.51,4,Windstorm Moderate,45,Medium,Bound,Whitehead Group,Broker highlighted recent operational improvements reducing risk exposure.,policy_admin_system,confidential,2026-03-31T15:49:59.956773,2026-04-18T15:49:59.956773,underwriter_002,underwriter_001,"Singleton, Rodriguez and Gutierrez",GA,524380.51,524380.51,10000.00,0.55
SUB-000134,POL-000103,Montoya-Fisher,Energy,CA,789359.36,2,Wildfire / Earthquake High,70,Medium,Bound,Sanchez-Henry,Submission categorized as Medium risk based on exposure profile.,underwriting_workbench,confidential,2026-02-11T15:49:59.956773,2026-02-24T15:49:59.956773,underwriter_002,underwriter_002,Montoya-Fisher,CA,789359.36,789359.36,10000.00,0.55
SUB-000135,POL-000211,Hart PLC,Retail,FL,4622321.39,2,Hurricane High,60,Medium,New Submission,"Hernandez, Kelly and Grimes",Underwriter requested additional inspection reports.,underwriting_workbench,restricted,2025-09-16T15:49:59.956773,2025-10-15T15:49:59.956773,underwriter_001,underwriter_001,Hart PLC,FL,4622321.39,4622321.39,10000.00,0.55
SUB-000136,POL-000145,Dixon-Wilson,Construction,FL,7553440.07,1,Hurricane High,90,High,New Submission,"Thomas, Odom and James",Underwriter requested additional inspection reports.,underwriting_workbench,restricted,2025-12-07T15:49:59.956773,2025-12-16T15:49:59.956773,underwriter_002,underwriter_002,Dixon-Wilson,FL,7553440.07,7553440.07,10000.00,0.82
SUB-000137,POL-000211,West-Moore,Construction,OK,8987823.85,0,Tornado High,85,High,Quoted,"Perkins, Abbott and Morales",Insured requesting competitive pricing for upcoming renewal.,underwriting_workbench,confidential,2025-12-20T15:49:59.956773,2026-01-09T15:49:59.956773,underwriter_002,underwriter_001,West-Moore,OK,8987823.85,8987823.85,10000.00,0.82
SUB-000138,POL-000068,Fitzgerald LLC,Transportation,NY,1725518.8,0,Low CAT,50,Medium,New Submission,"Giles, Romero and Woods",Insured requesting competitive pricing for upcoming renewal.,underwriting_workbench,internal,2025-12-26T15:49:59.956773,2026-01-13T15:49:59.956773,underwriter_002,underwriter_001,Fitzgerald LLC,NY,1725518.80,1725518.80,10000.00,0.55
SUB-000139,POL-000214,Young Inc,Energy,GA,2350595.29,3,Windstorm Moderate,75,High,New Submission,Butler Inc,Broker highlighted recent operational improvements reducing risk exposure.,policy_admin_system,confidential,2025-08-06T15:49:59.956773,2025-08-22T15:49:59.956773,underwriter_001,underwriter_001,Young Inc,GA,2350595.29,2350595.29,10000.00,0.82
SUB-000140,POL-000096,"Smith, Mason and Wallace",Energy,CO,8049760.05,1,Hail Moderate,75,High,Quoted,"Smith, Greene and Mcintyre",Submission categorized as High risk based on exposure profile.,broker_submission_portal,internal,2025-05-30T15:49:59.956773,2025-06-27T15:49:59.956773,underwriter_002,underwriter_001,"Smith, Mason and Wallace",CO,8049760.05,8049760.05,10000.00,0.82
SUB-000141,POL-000260,Taylor-Bruce,Healthcare,GA,1432850.56,3,Windstorm Moderate,55,Medium,Bound,Taylor-Walker,Insured requesting competitive pricing for upcoming renewal.,underwriting_workbench,confidential,2026-03-31T15:49:59.956773,2026-05-12T15:49:59.956773,underwriter_001,underwriter_001,Taylor-Bruce,GA,1432850.56,1432850.56,10000.00,0.55
SUB-000142,POL-000235,"Bryant, Mitchell and Garcia",Healthcare,TX,4394156.96,6,Hail / Windstorm,55,Medium,Bound,Gutierrez-Leon,Broker highlighted recent operational improvements reducing risk exposure.,policy_admin_system,internal,2026-01-24T15:49:59.956773,2026-02-08T15:49:59.956773,underwriter_002,underwriter_002,"Bryant, Mitchell and Garcia",TX,4394156.96,4394156.96,10000.00,0.55
SUB-000143,POL-000181,"Dean, Parker and Marshall",Real Estate,LA,2031537.52,1,Hurricane High,60,Medium,In Review,Browning-Mack,Insured requesting competitive pricing for upcoming renewal.,policy_admin_system,confidential,2026-01-31T15:49:59.956773,2026-02-10T15:49:59.956773,underwriter_002,underwriter_001,"Dean, Parker and Marshall",LA,2031537.52,2031537.52,10000.00,0.55
SUB-000144,POL-000295,Gallagher PLC,Energy,NC,2237679.94,3,Hurricane Moderate,75,High,Quoted,Jones-Macdonald,Insured requesting competitive pricing for upcoming renewal.,policy_admin_system,restricted,2026-01-17T15:49:59.956773,2026-02-04T15:49:59.956773,underwriter_002,underwriter_002,Gallagher PLC,NC,2237679.94,2237679.94,10000.00,0.82
SUB-000145,POL-000231,Randolph-Lambert,Hospitality,LA,8875336.11,7,Hurricane High,90,High,Bound,Jensen-Jarvis,Broker highlighted recent operational improvements reducing risk exposure.,broker_submission_portal,internal,2026-01-19T15:49:59.956773,2026-01-25T15:49:59.956773,underwriter_001,underwriter_001,Randolph-Lambert,LA,8875336.11,8875336.11,10000.00,0.82
SUB-000146,POL-000281,"Wilson, Collins and Washington",Healthcare,LA,883407.23,0,Hurricane High,45,Medium,In Review,"Jackson, Young and Hernandez",Submission categorized as Medium risk based on exposure profile.,broker_submission_portal,restricted,2025-05-30T15:49:59.956773,2025-06-21T15:49:59.956773,underwriter_001,underwriter_002,"Wilson, Collins and Washington",LA,883407.23,883407.23,10000.00,0.55
SUB-000147,POL-000161,Stephens-Garrett,Transportation,CO,3905943.32,5,Hail Moderate,85,High,New Submission,Hill-Santos,Insured requesting competitive pricing for upcoming renewal.,broker_submission_portal,internal,2025-05-23T15:49:59.956773,2025-06-12T15:49:59.956773,underwriter_002,underwriter_001,Stephens-Garrett,CO,3905943.32,3905943.32,10000.00,0.82
SUB-000148,POL-000146,"Edwards, Ingram and Davis",Retail,IL,1478114.32,5,Low CAT,55,Medium,Declined,"Munoz, Martinez and Rocha",Underwriter requested additional inspection reports.,underwriting_workbench,restricted,2025-09-12T15:49:59.956773,2025-10-09T15:49:59.956773,underwriter_002,underwriter_002,"Edwards, Ingram and Davis",IL,1478114.32,1478114.32,10000.00,0.55
SUB-000149,POL-000071,Hill and Sons,Construction,GA,1034148.86,0,Windstorm Moderate,60,Medium,Quoted,Romero Inc,Underwriter requested additional inspection reports.,broker_submission_portal,restricted,2025-07-09T15:49:59.956773,2025-07-22T15:49:59.956773,underwriter_002,underwriter_002,Hill and Sons,GA,1034148.86,1034148.86,10000.00,0.55
SUB-000150,POL-000211,"Welch, Parsons and Young",Transportation,CA,2531904.19,3,Wildfire / Earthquake High,90,High,Declined,Lawrence-Robinson,Broker submitted updated loss runs for Transportation account.,policy_admin_system,internal,2025-10-28T15:49:59.956773,2025-11-25T15:49:59.956773,underwriter_002,underwriter_002,"Welch, Parsons and Young",CA,2531904.19,2531904.19,10000.00,0.82
SUB-000151,POL-000066,Rogers-Guerrero,Manufacturing,NC,844172.08,4,Hurricane Moderate,65,Medium,Quoted,Gibson-Smith,Broker highlighted recent operational improvements reducing risk exposure.,underwriting_workbench,internal,2026-01-07T15:49:59.956773,2026-01-30T15:49:59.956773,underwriter_002,underwriter_001,Rogers-Guerrero,NC,844172.08,844172.08,10000.00,0.55
SUB-000152,POL-000256,Bailey-Stout,Hospitality,TX,7050469.09,4,Hail / Windstorm,55,Medium,Quoted,White PLC,Broker submitted updated loss runs for Hospitality account.,underwriting_workbench,internal,2026-04-01T15:49:59.956773,2026-04-13T15:49:59.956773,underwriter_001,underwriter_002,Bailey-Stout,TX,7050469.09,7050469.09,10000.00,0.55
SUB-000153,POL-000246,Lewis and Sons,Energy,LA,9406815.05,7,Hurricane High,110,High,Quoted,"Fisher, Estes and Lester",Insured requesting competitive pricing for upcoming renewal.,broker_submission_portal,restricted,2026-03-27T15:49:59.956773,2026-05-03T15:49:59.956773,underwriter_002,underwriter_002,Lewis and Sons,LA,9406815.05,9406815.05,10000.00,0.82
SUB-000154,POL-000233,Ferguson-Berry,Construction,FL,6915910.48,1,Hurricane High,90,High,Declined,Lamb Inc,Submission categorized as High risk based on exposure profile.,underwriting_workbench,restricted,2025-07-11T15:49:59.956773,2025-07-31T15:49:59.956773,underwriter_002,underwriter_001,Ferguson-Berry,FL,6915910.48,6915910.48,10000.00,0.82
SUB-000155,POL-000145,Silva Inc,Technology,CO,5911500.22,0,Hail Moderate,50,Medium,Declined,Wood-Atkins,Underwriter requested additional inspection reports.,policy_admin_system,internal,2025-07-14T15:49:59.956773,2025-08-23T15:49:59.956773,underwriter_001,underwriter_001,Silva Inc,CO,5911500.22,5911500.22,10000.00,0.55
SUB-000156,POL-000262,"Garza, Martin and Park",Hospitality,IL,8655607.17,2,Low CAT,45,Medium,New Submission,Baird PLC,Underwriter requested additional inspection reports.,policy_admin_system,restricted,2026-02-19T15:49:59.956773,2026-03-05T15:49:59.956773,underwriter_002,underwriter_001,"Garza, Martin and Park",IL,8655607.17,8655607.17,10000.00,0.55
SUB-000157,POL-000096,"Fields, Wilson and Cantu",Manufacturing,FL,8691691.13,6,Hurricane High,110,High,Declined,Day-Lyons,Underwriter requested additional inspection reports.,underwriting_workbench,confidential,2026-01-09T15:49:59.956773,2026-02-13T15:49:59.956773,underwriter_002,underwriter_001,"Fields, Wilson and Cantu",FL,8691691.13,8691691.13,10000.00,0.82
SUB-000158,POL-000262,Schroeder-Mayer,Technology,NC,9821130.94,7,Hurricane Moderate,75,High,Quoted,Smith LLC,Broker submitted updated loss runs for Technology account.,policy_admin_system,internal,2025-07-14T15:49:59.956773,2025-07-20T15:49:59.956773,underwriter_001,underwriter_001,Schroeder-Mayer,NC,9821130.94,9821130.94,10000.00,0.82
SUB-000159,POL-000010,Lopez-Sanchez,Retail,FL,2313507.98,0,Hurricane High,55,Medium,New Submission,Flynn PLC,Insured requesting competitive pricing for upcoming renewal.,policy_admin_system,confidential,2026-01-22T15:49:59.956773,2026-03-05T15:49:59.956773,underwriter_001,underwriter_001,Lopez-Sanchez,FL,2313507.98,2313507.98,10000.00,0.55
SUB-000160,POL-000245,Hanson-Gomez,Manufacturing,TX,7105537.09,3,Hail / Windstorm,75,High,Bound,"Lee, Mcbride and Baker",Insured requesting competitive pricing for upcoming renewal.,policy_admin_system,restricted,2025-08-31T15:49:59.956773,2025-09-15T15:49:59.956773,underwriter_001,underwriter_001,Hanson-Gomez,TX,7105537.09,7105537.09,10000.00,0.82
SUB-000161,POL-000078,"Kennedy, Mcintosh and Newman",Hospitality,CO,5205302.76,1,Hail Moderate,55,Medium,New Submission,Sanchez-Long,Underwriter requested additional inspection reports.,underwriting_workbench,restricted,2026-01-20T15:49:59.956773,2026-02-13T15:49:59.956773,underwriter_002,underwriter_001,"Kennedy, Mcintosh and Newman",CO,5205302.76,5205302.76,10000.00,0.55
SUB-000162,POL-000236,"Ferguson, Schmidt and Flores",Energy,OK,8791998.6,7,Tornado High,110,High,Bound,"Lee, Nelson and Cantrell",Submission categorized as High risk based on exposure profile.,policy_admin_system,confidential,2025-10-19T15:49:59.956773,2025-11-30T15:49:59.956773,underwriter_002,underwriter_001,"Ferguson, Schmidt and Flores",OK,8791998.60,8791998.60,10000.00,0.82
SUB-000163,POL-000081,"Villanueva, Matthews and Gordon",Real Estate,NY,8890361.39,7,Low CAT,65,Medium,In Review,"Gamble, Jones and Olson",Insured requesting competitive pricing for upcoming renewal.,broker_submission_portal,confidential,2025-09-30T15:49:59.956773,2025-10-19T15:49:59.956773,underwriter_001,underwriter_002,"Villanueva, Matthews and Gordon",NY,8890361.39,8890361.39,10000.00,0.55
SUB-000164,POL-000285,Fuller Ltd,Manufacturing,CA,5242763.92,5,Wildfire / Earthquake High,110,High,Bound,Russell-Jenkins,Submission categorized as High risk based on exposure profile.,broker_submission_portal,internal,2026-04-18T15:49:59.956773,2026-05-27T15:49:59.956773,underwriter_001,underwriter_001,Fuller Ltd,CA,5242763.92,5242763.92,10000.00,0.82
SUB-000165,POL-000258,Lewis Ltd,Energy,TX,5400565.65,0,Hail / Windstorm,60,Medium,Quoted,Bishop Inc,Underwriter requested additional inspection reports.,underwriting_workbench,confidential,2026-04-12T15:49:59.956773,2026-05-17T15:49:59.956773,underwriter_002,underwriter_001,Lewis Ltd,TX,5400565.65,5400565.65,10000.00,0.55
SUB-000166,POL-000268,"Larson, Kelley and Smith",Manufacturing,GA,1846039.09,0,Windstorm Moderate,60,Medium,Bound,Mcclure Group,Underwriter requested additional inspection reports.,underwriting_workbench,internal,2026-03-02T15:49:59.956773,2026-03-26T15:49:59.956773,underwriter_001,underwriter_001,"Larson, Kelley and Smith",GA,1846039.09,1846039.09,10000.00,0.55
SUB-000167,POL-000261,Shepard PLC,Energy,NY,1720434.94,0,Low CAT,50,Medium,In Review,Wade-Jacobson,Underwriter requested additional inspection reports.,broker_submission_portal,restricted,2025-07-26T15:49:59.956773,2025-08-03T15:49:59.956773,underwriter_002,underwriter_001,Shepard PLC,NY,1720434.94,1720434.94,10000.00,0.55
SUB-000168,POL-000115,"Butler, Hester and Simon",Technology,GA,8715432.91,1,Windstorm Moderate,55,Medium,In Review,"Thompson, West and Gallagher",Broker submitted updated loss runs for Technology account.,underwriting_workbench,confidential,2025-06-13T15:49:59.956773,2025-07-12T15:49:59.956773,underwriter_001,underwriter_002,"Butler, Hester and Simon",GA,8715432.91,8715432.91,10000.00,0.55
SUB-000169,POL-000078,Mata Ltd,Construction,IL,1502010.67,4,Low CAT,65,Medium,Quoted,Nunez-Lopez,Underwriter requested additional inspection reports.,underwriting_workbench,restricted,2026-01-30T15:49:59.956773,2026-02-20T15:49:59.956773,underwriter_002,underwriter_002,Mata Ltd,IL,1502010.67,1502010.67,10000.00,0.55
SUB-000170,POL-000086,"Jacobs, Anderson and Keller",Manufacturing,FL,9969984.39,4,Hurricane High,100,High,New Submission,Lewis Inc,Submission categorized as High risk based on exposure profile.,broker_submission_portal,confidential,2025-11-29T15:49:59.956773,2025-12-29T15:49:59.956773,underwriter_001,underwriter_002,"Jacobs, Anderson and Keller",FL,9969984.39,9969984.39,10000.00,0.82
SUB-000171,POL-000271,Rubio LLC,Hospitality,TX,8554429.69,4,Hail / Windstorm,55,Medium,New Submission,"Scott, Hall and Morgan",Broker highlighted recent operational improvements reducing risk exposure.,broker_submission_portal,internal,2026-02-23T15:49:59.956773,2026-03-11T15:49:59.956773,underwriter_001,underwriter_002,Rubio LLC,TX,8554429.69,8554429.69,10000.00,0.55
SUB-000172,POL-000058,"Ruiz, Sanchez and Harris",Retail,TX,5607026.47,5,Hail / Windstorm,65,Medium,Bound,Thompson-Harris,Submission categorized as Medium risk based on exposure profile.,broker_submission_portal,confidential,2025-12-15T15:49:59.956773,2025-12-30T15:49:59.956773,underwriter_001,underwriter_001,"Ruiz, Sanchez and Harris",TX,5607026.47,5607026.47,10000.00,0.55
SUB-000173,POL-000275,Hawkins-White,Transportation,GA,1042581.14,3,Windstorm Moderate,75,High,Quoted,"Hogan, Buckley and Randall",Insured requesting competitive pricing for upcoming renewal.,broker_submission_portal,restricted,2026-01-09T15:49:59.956773,2026-02-22T15:49:59.956773,underwriter_001,underwriter_002,Hawkins-White,GA,1042581.14,1042581.14,10000.00,0.82
SUB-000174,POL-000082,Taylor-Shaffer,Technology,GA,5159811.32,0,Windstorm Moderate,50,Medium,In Review,Ware LLC,Submission categorized as Medium risk based on exposure profile.,broker_submission_portal,internal,2025-12-01T15:49:59.956773,2025-12-10T15:49:59.956773,underwriter_001,underwriter_001,Taylor-Shaffer,GA,5159811.32,5159811.32,10000.00,0.55
SUB-000175,POL-000034,Miller and Sons,Transportation,CO,8376503.77,7,Hail Moderate,95,High,Quoted,Brown-Silva,Underwriter requested additional inspection reports.,broker_submission_portal,internal,2026-02-24T15:49:59.971882,2026-04-02T15:49:59.971882,underwriter_002,underwriter_002,Miller and Sons,CO,8376503.77,8376503.77,10000.00,0.82
SUB-000176,POL-000146,Jimenez-Clark,Construction,NC,4839237.87,3,Hurricane Moderate,75,High,Quoted,Johnson-Trujillo,Broker submitted updated loss runs for Construction account.,underwriting_workbench,restricted,2025-06-13T15:49:59.971882,2025-07-15T15:49:59.971882,underwriter_001,underwriter_002,Jimenez-Clark,NC,4839237.87,4839237.87,10000.00,0.82
SUB-000177,POL-000271,"Allison, Castillo and Hanson",Construction,NC,9467378.75,6,Hurricane Moderate,95,High,Bound,Coleman-Alexander,Broker submitted updated loss runs for Construction account.,policy_admin_system,confidential,2026-01-24T15:49:59.971882,2026-03-10T15:49:59.971882,underwriter_001,underwriter_002,"Allison, Castillo and Hanson",NC,9467378.75,9467378.75,10000.00,0.82
SUB-000178,POL-000161,"Sutton, Hayes and Frost",Healthcare,CO,2179001.58,5,Hail Moderate,65,Medium,Bound,Jennings LLC,Broker submitted updated loss runs for Healthcare account.,underwriting_workbench,internal,2026-03-07T15:49:59.972609,2026-04-03T15:49:59.972609,underwriter_001,underwriter_002,"Sutton, Hayes and Frost",CO,2179001.58,2179001.58,10000.00,0.55
SUB-000179,POL-000039,Barron-Gregory,Technology,TX,8233210.85,6,Hail / Windstorm,65,Medium,Declined,"Burns, Li and Hebert",Underwriter requested additional inspection reports.,policy_admin_system,restricted,2025-09-29T15:49:59.972609,2025-10-18T15:49:59.972609,underwriter_001,underwriter_001,Barron-Gregory,TX,8233210.85,8233210.85,10000.00,0.55
SUB-000180,POL-000097,Juarez-Nguyen,Technology,NY,2680134.94,4,Low CAT,45,Medium,New Submission,Armstrong LLC,Broker highlighted recent operational improvements reducing risk exposure.,underwriting_workbench,restricted,2025-07-30T15:49:59.973168,2025-08-08T15:49:59.973168,underwriter_002,underwriter_002,Juarez-Nguyen,NY,2680134.94,2680134.94,10000.00,0.55
SUB-000181,POL-000078,"Blake, Blankenship and Bradley",Manufacturing,CA,6249755.7,4,Wildfire / Earthquake High,100,High,In Review,"Wagner, Palmer and Baldwin",Broker submitted updated loss runs for Manufacturing account.,broker_submission_portal,internal,2026-01-05T15:49:59.973168,2026-01-14T15:49:59.973168,underwriter_001,underwriter_001,"Blake, Blankenship and Bradley",CA,6249755.70,6249755.70,10000.00,0.82
SUB-000182,POL-000205,Lopez PLC,Technology,GA,314217.29,1,Windstorm Moderate,35,Low,Bound,Nguyen-Jensen,Broker highlighted recent operational improvements reducing risk exposure.,broker_submission_portal,confidential,2025-06-25T15:49:59.973168,2025-08-02T15:49:59.973168,underwriter_001,underwriter_002,Lopez PLC,GA,314217.29,314217.29,10000.00,0.25
SUB-000183,POL-000150,Day-Chang,Manufacturing,CA,5373720.14,7,Wildfire / Earthquake High,110,High,In Review,Davis-Webb,Submission categorized as High risk based on exposure profile.,broker_submission_portal,internal,2026-03-12T15:49:59.973168,2026-04-17T15:49:59.973168,underwriter_002,underwriter_002,Day-Chang,CA,5373720.14,5373720.14,10000.00,0.82
SUB-000184,POL-000047,"Sullivan, Fisher and Khan",Real Estate,LA,7347974.66,3,Hurricane High,80,High,In Review,"Powell, White and Wilson",Underwriter requested additional inspection reports.,policy_admin_system,internal,2025-10-10T15:49:59.973168,2025-11-08T15:49:59.973168,underwriter_001,underwriter_002,"Sullivan, Fisher and Khan",LA,7347974.66,7347974.66,10000.00,0.82
SUB-000185,POL-000153,Solomon-Miller,Transportation,NC,5318529.73,0,Hurricane Moderate,70,Medium,In Review,"Vance, Gray and Smith",Submission categorized as Medium risk based on exposure profile.,underwriting_workbench,confidential,2025-09-05T15:49:59.973168,2025-09-30T15:49:59.973168,underwriter_001,underwriter_001,Solomon-Miller,NC,5318529.73,5318529.73,10000.00,0.55
SUB-000186,POL-000201,Palmer Group,Hospitality,NY,4983214.45,4,Low CAT,45,Medium,Declined,Hoffman-Bass,Broker submitted updated loss runs for Hospitality account.,broker_submission_portal,internal,2026-03-13T15:49:59.973168,2026-04-24T15:49:59.973168,underwriter_002,underwriter_002,Palmer Group,NY,4983214.45,4983214.45,10000.00,0.55
SUB-000187,POL-000152,Brown Inc,Retail,GA,3752474.97,6,Windstorm Moderate,65,Medium,Bound,Alvarez PLC,Broker highlighted recent operational improvements reducing risk exposure.,underwriting_workbench,confidential,2025-10-31T15:49:59.973168,2025-11-17T15:49:59.973168,underwriter_002,underwriter_002,Brown Inc,GA,3752474.97,3752474.97,10000.00,0.55
SUB-000188,POL-000107,"Hardy, Davis and Jackson",Healthcare,LA,9327949.7,1,Hurricane High,70,Medium,In Review,"Shepherd, Mccormick and Mathis",Insured requesting competitive pricing for upcoming renewal.,broker_submission_portal,confidential,2026-02-26T15:49:59.973168,2026-03-23T15:49:59.973168,underwriter_002,underwriter_002,"Hardy, Davis and Jackson",LA,9327949.70,9327949.70,10000.00,0.55
SUB-000189,POL-000235,Dunn-Cisneros,Energy,TX,6116572.98,4,Hail / Windstorm,75,High,New Submission,"Higgins, Odonnell and Rice",Broker highlighted recent operational improvements reducing risk exposure.,policy_admin_system,confidential,2025-10-01T15:49:59.973168,2025-10-19T15:49:59.973168,underwriter_002,underwriter_002,Dunn-Cisneros,TX,6116572.98,6116572.98,10000.00,0.82
SUB-000190,POL-000159,Allen-Stokes,Manufacturing,CA,4252768.24,0,Wildfire / Earthquake High,75,High,Declined,Fields Group,Broker submitted updated loss runs for Manufacturing account.,underwriting_workbench,restricted,2025-08-12T15:49:59.973168,2025-09-22T15:49:59.973168,underwriter_002,underwriter_001,Allen-Stokes,CA,4252768.24,4252768.24,10000.00,0.82
SUB-000191,POL-000042,"Mejia, Garcia and Butler",Transportation,TX,6606260.61,3,Hail / Windstorm,75,High,In Review,Soto-Case,Underwriter requested additional inspection reports.,underwriting_workbench,confidential,2025-07-18T15:49:59.973168,2025-08-28T15:49:59.973168,underwriter_001,underwriter_001,"Mejia, Garcia and Butler",TX,6606260.61,6606260.61,10000.00,0.82
SUB-000192,POL-000179,Clark LLC,Retail,CA,9812826.57,6,Wildfire / Earthquake High,90,High,Quoted,"Smith, Morgan and Lewis",Submission categorized as High risk based on exposure profile.,policy_admin_system,internal,2026-03-02T15:49:59.973168,2026-03-10T15:49:59.973168,underwriter_001,underwriter_002,Clark LLC,CA,9812826.57,9812826.57,10000.00,0.82
SUB-000193,POL-000040,Walton Inc,Healthcare,CO,1473140.29,6,Hail Moderate,65,Medium,Quoted,Gonzalez-Mahoney,Submission categorized as Medium risk based on exposure profile.,broker_submission_portal,restricted,2025-08-26T15:49:59.973168,2025-09-27T15:49:59.973168,underwriter_001,underwriter_001,Walton Inc,CO,1473140.29,1473140.29,10000.00,0.55
SUB-000194,POL-000264,Braun and Sons,Transportation,CO,820085.0,6,Hail Moderate,75,High,Quoted,"Taylor, Hood and Rojas",Submission categorized as High risk based on exposure profile.,underwriting_workbench,internal,2025-11-21T15:49:59.973168,2026-01-05T15:49:59.973168,underwriter_001,underwriter_002,Braun and Sons,CO,820085.00,820085.00,10000.00,0.82
SUB-000195,POL-000230,"Mahoney, Anderson and Rivera",Hospitality,TX,6255424.82,0,Hail / Windstorm,40,Low,New Submission,"Johnson, Harris and Nguyen",Underwriter requested additional inspection reports.,underwriting_workbench,confidential,2026-01-10T15:49:59.973168,2026-02-19T15:49:59.973168,underwriter_001,underwriter_002,"Mahoney, Anderson and Rivera",TX,6255424.82,6255424.82,10000.00,0.25
SUB-000196,POL-000035,"Weiss, Chung and Church",Transportation,CA,1313524.65,3,Wildfire / Earthquake High,90,High,Bound,Williams PLC,Underwriter requested additional inspection reports.,policy_admin_system,confidential,2025-11-09T15:49:59.973168,2025-12-02T15:49:59.973168,underwriter_001,underwriter_001,"Weiss, Chung and Church",CA,1313524.65,1313524.65,10000.00,0.82
SUB-000197,POL-000061,Trevino Ltd,Energy,TX,9467255.23,5,Hail / Windstorm,85,High,Quoted,Mcmillan PLC,Submission categorized as High risk based on exposure profile.,policy_admin_system,confidential,2025-08-13T15:49:59.973168,2025-08-16T15:49:59.973168,underwriter_001,underwriter_001,Trevino Ltd,TX,9467255.23,9467255.23,10000.00,0.82
SUB-000198,POL-000251,Werner and Sons,Construction,NY,6315926.59,0,Low CAT,60,Medium,In Review,Price Ltd,Submission categorized as Medium risk based on exposure profile.,policy_admin_system,restricted,2025-05-28T15:49:59.973168,2025-06-19T15:49:59.973168,underwriter_002,underwriter_002,Werner and Sons,NY,6315926.59,6315926.59,10000.00,0.55
SUB-000199,POL-000224,"Yoder, Powers and Robinson",Technology,GA,6104198.03,2,Windstorm Moderate,55,Medium,Declined,Allen Ltd,Broker highlighted recent operational improvements reducing risk exposure.,policy_admin_system,internal,2025-08-01T15:49:59.973168,2025-09-07T15:49:59.973168,underwriter_001,underwriter_002,"Yoder, Powers and Robinson",GA,6104198.03,6104198.03,10000.00,0.55
SUB-000200,POL-000210,Huber Inc,Hospitality,LA,3846386.82,3,Hurricane High,70,Medium,New Submission,"Campbell, Donovan and Davis",Broker highlighted recent operational improvements reducing risk exposure.,policy_admin_system,confidential,2025-11-04T15:49:59.973168,2025-11-23T15:49:59.973168,underwriter_002,underwriter_001,Huber Inc,LA,3846386.82,3846386.82,10000.00,0.55
